ID,Label,Industry
AHC,AHC,Books
AUTO,AUTO,Books
DJCO,DJCO,Books
DLX,DLX,Books
FOX,FOX,Books
FOXA,FOXA,Books
GCI,GCI,Books
GHC,GHC,Books
INWK,INWK,Books
JIH,JIH,Books
JW,JW,Books
LABL,LABL,Books
LEE,LEE,Books
LOAN,LOAN,Books
MDP,MDP,Books
MNI,MNI,Books
NEWM,NEWM,Books
NYT,NYT,Books
SCHL,SCHL,Books
SPAQ,SPAQ,Books
SSP,SSP,Books
TFCF,TFCF,Books
TFCFA,TFCFA,Books
TPCO,TPCO,Books
TST,TST,Books
TZOO,TZOO,Books
VALU,VALU,Books
WETF,WETF,Books
