ID,Label,Industry
A,A,LabEq
AA,AA,Steel
AAC,AAC,Fin
AAL,AAL,Trans
AAMC,AAMC,Banks
AAME,AAME,Insur
AAN,AAN,BusSv
AAOI,AAOI,Unclassified
AAON,AAON,Mach
AAP,AAP,Rtail
AAPL,AAPL,Comps
AAWW,AAWW,Trans
AAXN,AAXN,Guns
ABAX,ABAX,MedEq
ABBV,ABBV,Drugs
ABC,ABC,Hlth
ABCB,ABCB,Banks
ABCD,ABCD,Unclassified
ABCO,ABCO,BusSv
ABEO,ABEO,BusSv
ABG,ABG,Rtail
ABIO,ABIO,Drugs
ABM,ABM,BusSv
ABMD,ABMD,MedEq
ABT,ABT,Whlsl
ABTL,ABTL,Books
ABTX,ABTX,Unclassified
AC,AC,Fin
ACAD,ACAD,Drugs
ACAS,ACAS,Banks
ACAT,ACAT,Unclassified
ACBI,ACBI,Unclassified
ACCO,ACCO,Guns
ACER,ACER,Drugs
ACET,ACET,Whlsl
ACFC,ACFC,Banks
ACHC,ACHC,Unclassified
ACHN,ACHN,Drugs
ACHV,ACHV,Drugs
ACIA,ACIA,Unclassified
ACIW,ACIW,BusSv
ACLS,ACLS,Mach
ACM,ACM,BusSv
ACMR,ACMR,Unclassified
ACNB,ACNB,Banks
ACOR,ACOR,Drugs
ACRS,ACRS,Unclassified
ACRX,ACRX,Unclassified
ACTA,ACTA,BusSv
ACTG,ACTG,Drugs
ACU,ACU,BldMt
ACUR,ACUR,Drugs
ACXM,ACXM,BusSv
ACY,ACY,BusSv
ADBE,ADBE,BusSv
ADES,ADES,Chems
ADGE,ADGE,Util
ADI,ADI,Chips
ADK,ADK,Hlth
ADM,ADM,Food
ADMA,ADMA,BusSv
ADMP,ADMP,Drugs
ADMS,ADMS,Unclassified
ADOM,ADOM,Unclassified
ADP,ADP,BusSv
ADPT,ADPT,Hlth
ADRO,ADRO,Unclassified
ADS,ADS,BusSv
ADSK,ADSK,BusSv
ADSW,ADSW,Other
ADTN,ADTN,ElcEq
ADUS,ADUS,Unclassified
ADVM,ADVM,Unclassified
ADXS,ADXS,Unclassified
AE,AE,Whlsl
AEE,AEE,Util
AEGN,AEGN,Cnstr
AEHR,AEHR,LabEq
AEIS,AEIS,Chips
AEL,AEL,Insur
AEMD,AEMD,Unclassified
AEO,AEO,Rtail
AEP,AEP,Util
AEPI,AEPI,Rubbr
AERI,AERI,Unclassified
AES,AES,Util
AET,AET,Insur
AETI,AETI,FabPr
AEY,AEY,BusSv
AF,AF,Banks
AFAM,AFAM,PerSv
AFG,AFG,Insur
AFI,AFI,Cnstr
AFL,AFL,Insur
AFSI,AFSI,Insur
AGCO,AGCO,Mach
AGEN,AGEN,Drugs
AGFS,AGFS,Unclassified
AGIO,AGIO,Unclassified
AGLE,AGLE,Unclassified
AGM,AGM,Banks
AGR,AGR,Util
AGRX,AGRX,Drugs
AGTC,AGTC,Unclassified
AGX,AGX,Telcm
AGYS,AGYS,Whlsl
AHC,AHC,Books
AHPI,AHPI,MedEq
AI,AI,Fin
AIG,AIG,Insur
AIMC,AIMC,Mach
AIMT,AIMT,Unclassified
AIN,AIN,Txtls
AINC,AINC,Fin
AIQ,AIQ,Hlth
AIR,AIR,Aero
AIRG,AIRG,Unclassified
AIRI,AIRI,Aero
AIRM,AIRM,Trans
AIRT,AIRT,Trans
AIT,AIT,Whlsl
AIZ,AIZ,Insur
AJG,AJG,Insur
AJRD,AJRD,Chips
AKAM,AKAM,BusSv
AKAO,AKAO,Unclassified
AKBA,AKBA,Unclassified
AKCA,AKCA,Unclassified
AKER,AKER,Unclassified
AKRX,AKRX,Drugs
AKS,AKS,Steel
AKTS,AKTS,Unclassified
AL,AL,BusSv
ALB,ALB,Chems
ALBO,ALBO,Drugs
ALCO,ALCO,Agric
ALDR,ALDR,Unclassified
ALDX,ALDX,Unclassified
ALE,ALE,Util
ALEX,ALEX,Trans
ALG,ALG,Mach
ALGN,ALGN,MedEq
ALGT,ALGT,Trans
ALIM,ALIM,Unclassified
ALJ,ALJ,Oil
ALJJ,ALJJ,Unclassified
ALK,ALK,Trans
ALL,ALL,Insur
ALLY,ALLY,Banks
ALN,ALN,Food
ALNA,ALNA,Unclassified
ALNY,ALNY,Drugs
ALOG,ALOG,Chips
ALOT,ALOT,Comps
ALPN,ALPN,Unclassified
ALQA,ALQA,Unclassified
ALR,ALR,Whlsl
ALRM,ALRM,Unclassified
ALRN,ALRN,Unclassified
ALSK,ALSK,Telcm
ALSN,ALSN,Whlsl
ALT,ALT,Drugs
ALTR,ALTR,Unclassified
ALV,ALV,Autos
ALXN,ALXN,Drugs
AMAG,AMAG,Drugs
AMAT,AMAT,Mach
AMBC,AMBC,Insur
AMBR,AMBR,BusSv
AMC,AMC,Fun
AMCC,AMCC,Chips
AMCX,AMCX,Unclassified
AMD,AMD,Chips
AMDA,AMDA,MedEq
AME,AME,ElcEq
AMED,AMED,Hlth
AMEH,AMEH,Unclassified
AMG,AMG,Fin
AMGN,AMGN,Drugs
AMKR,AMKR,Chips
AMMA,AMMA,Unclassified
AMN,AMN,BusSv
AMNB,AMNB,Banks
AMOT,AMOT,LabEq
AMP,AMP,Fin
AMPE,AMPE,Drugs
AMPH,AMPH,Unclassified
AMRB,AMRB,Banks
AMRC,AMRC,BusSv
AMRH,AMRH,Chips
AMRI,AMRI,Drugs
AMRK,AMRK,Unclassified
AMRS,AMRS,Unclassified
AMS,AMS,Hlth
AMSC,AMSC,Chips
AMSF,AMSF,Insur
AMSWA,AMSWA,BusSv
AMTD,AMTD,Fin
AMTX,AMTX,RlEst
AMWD,AMWD,BldMt
AMZN,AMZN,BusSv
AN,AN,Rtail
ANAB,ANAB,Unclassified
ANAT,ANAT,Insur
ANCB,ANCB,Unclassified
ANCX,ANCX,Fin
ANDE,ANDE,Whlsl
ANDV,ANDV,Oil
ANET,ANET,Comps
ANF,ANF,Rtail
ANGI,ANGI,Unclassified
ANGO,ANGO,MedEq
ANIK,ANIK,Drugs
ANIP,ANIP,Drugs
ANSS,ANSS,BusSv
ANTH,ANTH,Unclassified
ANTM,ANTM,Insur
AOBC,AOBC,Guns
AOI,AOI,Smoke
AOS,AOS,Hshld
AP,AP,Mach
APA,APA,Oil
APAM,APAM,Fin
APC,APC,Oil
APD,APD,Chems
APDN,APDN,BusSv
APEI,APEI,PerSv
APEN,APEN,Unclassified
APFH,APFH,Rtail
APH,APH,Chips
APHB,APHB,Drugs
APLS,APLS,Unclassified
APO,APO,Fin
APOG,APOG,Hshld
APOL,APOL,PerSv
APPF,APPF,Unclassified
APPN,APPN,Unclassified
APPS,APPS,BusSv
APRI,APRI,Drugs
APRN,APRN,Rtail
APT,APT,MedEq
APTI,APTI,Unclassified
APVO,APVO,Unclassified
AQ,AQ,Chips
AQB,AQB,Unclassified
AQMS,AQMS,Unclassified
AQUA,AQUA,Mach
AQXP,AQXP,Unclassified
AR,AR,Oil
ARA,ARA,Hlth
ARAY,ARAY,MedEq
ARC,ARC,BusSv
ARCB,ARCB,Trans
ARCH,ARCH,Coal
ARCI,ARCI,Whlsl
ARCW,ARCW,Chips
ARDM,ARDM,MedEq
ARDX,ARDX,Drugs
AREX,AREX,Oil
ARGS,ARGS,Unclassified
ARIA,ARIA,BusSv
ARII,ARII,Ships
ARIS,ARIS,BusSv
ARKR,ARKR,Meals
ARL,ARL,RlEst
ARMK,ARMK,Meals
ARNA,ARNA,BusSv
ARNC,ARNC,Steel
AROC,AROC,Oil
AROW,AROW,Banks
ARQL,ARQL,Drugs
ARRY,ARRY,Hlth
ARTNA,ARTNA,Util
ARTW,ARTW,Mach
ARTX,ARTX,ElcEq
ARW,ARW,Whlsl
ARWR,ARWR,BusSv
ASB,ASB,Fin
ASBB,ASBB,Unclassified
ASCMA,ASCMA,Unclassified
ASFI,ASFI,Banks
ASGN,ASGN,BusSv
ASH,ASH,Chems
ASIX,ASIX,Chems
ASMB,ASMB,Unclassified
ASNA,ASNA,Rtail
ASNS,ASNS,Unclassified
ASPN,ASPN,Chems
ASPU,ASPU,Unclassified
ASRV,ASRV,Banks
AST,AST,BusSv
ASTC,ASTC,Guns
ASTE,ASTE,Mach
ASUR,ASUR,Chips
ASV,ASV,Unclassified
ASYS,ASYS,Chips
ATAC,ATAC,Unclassified
ATEC,ATEC,MedEq
ATEN,ATEN,Comps
ATGE,ATGE,PerSv
ATHN,ATHN,BusSv
ATHX,ATHX,Drugs
ATI,ATI,Steel
ATKR,ATKR,Steel
ATLC,ATLC,Banks
ATLO,ATLO,Banks
ATNI,ATNI,Telcm
ATNM,ATNM,Fun
ATNX,ATNX,Unclassified
ATO,ATO,Util
ATOM,ATOM,Unclassified
ATOS,ATOS,Unclassified
ATR,ATR,Rubbr
ATRA,ATRA,Drugs
ATRC,ATRC,MedEq
ATRI,ATRI,Util
ATRO,ATRO,Boxes
ATRS,ATRS,MedEq
ATSG,ATSG,Trans
ATU,ATU,Mach
ATUS,ATUS,Telcm
ATVI,ATVI,BusSv
ATW,ATW,Oil
ATXI,ATXI,Unclassified
AUBN,AUBN,Banks
AUMN,AUMN,Gold
AUTO,AUTO,Books
AUXO,AUXO,BusSv
AVA,AVA,Util
AVAV,AVAV,Aero
AVD,AVD,Chems
AVEO,AVEO,Unclassified
AVGR,AVGR,Unclassified
AVHI,AVHI,RlEst
AVID,AVID,BusSv
AVIR,AVIR,Whlsl
AVNW,AVNW,Chips
AVP,AVP,Hshld
AVT,AVT,Whlsl
AVX,AVX,Chips
AVXL,AVXL,BusSv
AVXS,AVXS,Unclassified
AVY,AVY,Rubbr
AWI,AWI,BldMt
AWK,AWK,Util
AWR,AWR,Util
AWRE,AWRE,BusSv
AWX,AWX,Other
AXAR,AXAR,Unclassified
AXAS,AXAS,Oil
AXDX,AXDX,BusSv
AXE,AXE,Whlsl
AXGN,AXGN,MedEq
AXL,AXL,Autos
AXN,AXN,Drugs
AXP,AXP,Banks
AXR,AXR,RlEst
AXSM,AXSM,Unclassified
AXTI,AXTI,Chips
AYI,AYI,Whlsl
AYTU,AYTU,Unclassified
AYX,AYX,Comps
AZO,AZO,Rtail
AZPN,AZPN,BusSv
AZRX,AZRX,Unclassified
AZZ,AZZ,ElcEq
B,B,BldMt
BA,BA,Aero
BABY,BABY,MedEq
BAC,BAC,Banks
BAH,BAH,BusSv
BANC,BANC,Banks
BAND,BAND,Unclassified
BANF,BANF,Banks
BANR,BANR,Banks
BAS,BAS,Oil
BASI,BASI,Chips
BATRA,BATRA,Unclassified
BATRK,BATRK,Unclassified
BAX,BAX,MedEq
BBBY,BBBY,Rtail
BBG,BBG,Oil
BBGI,BBGI,Telcm
BBOX,BBOX,BusSv
BBRG,BBRG,Unclassified
BBSI,BBSI,BusSv
BBT,BBT,Fin
BBW,BBW,Rtail
BBX,BBX,Banks
BBY,BBY,Rtail
BC,BC,Toys
BCBP,BCBP,Banks
BCC,BCC,Paper
BCEI,BCEI,Oil
BCLI,BCLI,Telcm
BCO,BCO,BusSv
BCOR,BCOR,Comps
BCOV,BCOV,Unclassified
BCPC,BCPC,Chems
BCR,BCR,MedEq
BCRX,BCRX,Drugs
BCTF,BCTF,Fin
BDC,BDC,Whlsl
BDE,BDE,BusSv
BDGE,BDGE,Banks
BDL,BDL,Meals
BDR,BDR,Chips
BDSI,BDSI,Drugs
BDX,BDX,MedEq
BEAT,BEAT,Hlth
BEAV,BEAV,Paper
BEBE,BEBE,Rtail
BECN,BECN,Whlsl
BELFA,BELFA,Chips
BELFB,BELFB,Chips
BEN,BEN,Fin
BERY,BERY,Rubbr
BETR,BETR,Food
BF,BF,Beer
BFAM,BFAM,PerSv
BFIN,BFIN,Banks
BGC,BGC,Whlsl
BGCP,BGCP,BusSv
BGFV,BGFV,Rtail
BGG,BGG,Autos
BGS,BGS,Food
BGSF,BGSF,BusSv
BH,BH,Meals
BHAC,BHAC,Unclassified
BHB,BHB,Fin
BHBK,BHBK,Unclassified
BHE,BHE,Chips
BHF,BHF,Unclassified
BHGE,BHGE,Mach
BHI,BHI,Mach
BHLB,BHLB,Banks
BID,BID,BusSv
BIG,BIG,Rtail
BIIB,BIIB,Drugs
BIO,BIO,LabEq
BIOA,BIOA,BusSv
BIOC,BIOC,Unclassified
BIOL,BIOL,MedEq
BIOP,BIOP,Drugs
BIOS,BIOS,Hlth
BIVV,BIVV,Unclassified
BJRI,BJRI,Meals
BK,BK,Banks
BKD,BKD,Hlth
BKE,BKE,Rtail
BKFS,BKFS,Insur
BKH,BKH,Util
BKI,BKI,BusSv
BKJ,BKJ,Banks
BKMU,BKMU,Banks
BKS,BKS,Rtail
BKSC,BKSC,Banks
BKU,BKU,Banks
BKYI,BKYI,Comps
BL,BL,Unclassified
BLBD,BLBD,Unclassified
BLCM,BLCM,Unclassified
BLD,BLD,Cnstr
BLDR,BLDR,Rtail
BLFS,BLFS,MedEq
BLIN,BLIN,BusSv
BLK,BLK,Fin
BLKB,BLKB,BusSv
BLL,BLL,Boxes
BLMN,BLMN,Unclassified
BLMT,BLMT,Unclassified
BLPH,BLPH,Unclassified
BLUE,BLUE,Unclassified
BLVD,BLVD,Unclassified
BMCH,BMCH,Unclassified
BMI,BMI,LabEq
BMRA,BMRA,Drugs
BMRC,BMRC,Banks
BMRN,BMRN,Drugs
BMS,BMS,Paper
BMTC,BMTC,Banks
BMY,BMY,Drugs
BNCL,BNCL,Banks
BNCN,BNCN,Banks
BNED,BNED,Rtail
BNFT,BNFT,Unclassified
BOBE,BOBE,Meals
BOCH,BOCH,Banks
BOFI,BOFI,Banks
BOH,BOH,Banks
BOJA,BOJA,Unclassified
BOKF,BOKF,Banks
BOLD,BOLD,Unclassified
BOMN,BOMN,Unclassified
BONT,BONT,Rtail
BOOM,BOOM,BldMt
BOOT,BOOT,Rtail
BOTJ,BOTJ,Banks
BOX,BOX,BusSv
BOXL,BOXL,Unclassified
BPFH,BPFH,Banks
BPI,BPI,PerSv
BPMC,BPMC,Unclassified
BPMX,BPMX,BusSv
BPOP,BPOP,Banks
BPRN,BPRN,Unclassified
BPTH,BPTH,Rtail
BR,BR,BusSv
BRAC,BRAC,Unclassified
BRC,BRC,BusSv
BRCD,BRCD,Comps
BREW,BREW,Beer
BRID,BRID,Food
BRK,BRK,Insur
BRKL,BRKL,Banks
BRKR,BRKR,LabEq
BRKS,BRKS,Mach
BRN,BRN,Oil
BRO,BRO,Insur
BRPA,BRPA,Unclassified
BRS,BRS,Oil
BRSS,BRSS,Steel
BSET,BSET,Hshld
BSF,BSF,Banks
BSFT,BSFT,Unclassified
BSPM,BSPM,Drugs
BSQR,BSQR,BusSv
BSRR,BSRR,Banks
BSTC,BSTC,Drugs
BSTG,BSTG,Unclassified
BSX,BSX,MedEq
BTN,BTN,Hshld
BTU,BTU,Coal
BTX,BTX,Drugs
BUFF,BUFF,Unclassified
BURG,BURG,BusSv
BURL,BURL,Rtail
BUSE,BUSE,Banks
BV,BV,Unclassified
BVSN,BVSN,Comps
BVX,BVX,MedEq
BW,BW,ElcEq
BWA,BWA,Autos
BWEN,BWEN,Drugs
BWFG,BWFG,Banks
BWINA,BWINA,Insur
BWINB,BWINB,Insur
BWL,BWL,Fun
BWLD,BWLD,Meals
BWXT,BWXT,FabPr
BXC,BXC,Whlsl
BXG,BXG,RlEst
BXS,BXS,Banks
BY,BY,Fin
BYBK,BYBK,Banks
BYD,BYD,Fun
BYFC,BYFC,Banks
BZH,BZH,Cnstr
C,C,Banks
CA,CA,BusSv
CAA,CAA,Cnstr
CAAS,CAAS,Autos
CAB,CAB,Rtail
CABO,CABO,Telcm
CAC,CAC,Banks
CACB,CACB,Banks
CACC,CACC,Banks
CACI,CACI,Comps
CACQ,CACQ,Unclassified
CADC,CADC,Cnstr
CADE,CADE,Banks
CAFD,CAFD,Unclassified
CAFN,CAFN,Unclassified
CAG,CAG,Food
CAH,CAH,Hlth
CAI,CAI,BusSv
CAKE,CAKE,Meals
CAL,CAL,Rtail
CALA,CALA,Unclassified
CALD,CALD,BusSv
CALI,CALI,BusSv
CALM,CALM,Agric
CALX,CALX,Chips
CAMP,CAMP,Chips
CAPN,CAPN,Unclassified
CAPR,CAPR,BusSv
CAR,CAR,RlEst
CARA,CARA,Unclassified
CARB,CARB,Unclassified
CARG,CARG,Unclassified
CARO,CARO,Banks
CARS,CARS,Rtail
CART,CART,Banks
CARV,CARV,Banks
CASA,CASA,Unclassified
CASC,CASC,Drugs
CASH,CASH,Banks
CASI,CASI,Drugs
CASM,CASM,MedEq
CASS,CASS,BusSv
CASY,CASY,Rtail
CAT,CAT,Mach
CATB,CATB,Unclassified
CATC,CATC,Unclassified
CATO,CATO,Rtail
CATS,CATS,Unclassified
CATY,CATY,Banks
CAVM,CAVM,Chips
CAW,CAW,Hshld
CBAK,CBAK,ElcEq
CBAN,CBAN,Banks
CBAY,CBAY,Drugs
CBB,CBB,Telcm
CBF,CBF,Unclassified
CBFV,CBFV,Unclassified
CBG,CBG,RlEst
CBIO,CBIO,Drugs
CBK,CBK,Rtail
CBLI,CBLI,BusSv
CBM,CBM,Drugs
CBMG,CBMG,Unclassified
CBMX,CBMX,Chips
CBOE,CBOE,Fin
CBPO,CBPO,Unclassified
CBPX,CBPX,Whlsl
CBR,CBR,BusSv
CBRL,CBRL,Meals
CBS,CBS,Telcm
CBSH,CBSH,Fin
CBT,CBT,Chems
CBTX,CBTX,Unclassified
CBU,CBU,Banks
CBZ,CBZ,BusSv
CC,CC,Chems
CCBG,CCBG,Banks
CCC,CCC,Chems
CCCR,CCCR,Unclassified
CCF,CCF,ElcEq
CCK,CCK,Boxes
CCMP,CCMP,BldMt
CCN,CCN,Unclassified
CCNE,CCNE,Banks
CCO,CCO,BusSv
CCOI,CCOI,Telcm
CCRN,CCRN,BusSv
CCS,CCS,Cnstr
CCT,CCT,Fin
CCUR,CCUR,BusSv
CCXI,CCXI,Unclassified
CDE,CDE,Gold
CDEV,CDEV,Unclassified
CDI,CDI,BusSv
CDK,CDK,Unclassified
CDNA,CDNA,Hlth
CDNS,CDNS,BusSv
CDTI,CDTI,Chems
CDTX,CDTX,Unclassified
CDW,CDW,Unclassified
CDXC,CDXC,Unclassified
CDXS,CDXS,Unclassified
CDZI,CDZI,Agric
CE,CE,Chems
CEB,CEB,BusSv
CECE,CECE,Mach
CECO,CECO,PerSv
CEI,CEI,Oil
CEIX,CEIX,Coal
CELC,CELC,Unclassified
CELG,CELG,Chems
CELH,CELH,Mines
CEMI,CEMI,Fin
CEMP,CEMP,Unclassified
CENT,CENT,Whlsl
CENTA,CENTA,Whlsl
CENX,CENX,Steel
CERC,CERC,Unclassified
CERN,CERN,Comps
CERS,CERS,Drugs
CERU,CERU,Unclassified
CETC,CETC,BusSv
CETX,CETX,Unclassified
CEVA,CEVA,Chips
CF,CF,Chems
CFBI,CFBI,Unclassified
CFBK,CFBK,Banks
CFCB,CFCB,Banks
CFFI,CFFI,Banks
CFFN,CFFN,Banks
CFG,CFG,Fin
CFI,CFI,Txtls
CFMS,CFMS,Unclassified
CFNB,CFNB,Banks
CFNL,CFNL,Banks
CFR,CFR,Fin
CFRX,CFRX,Unclassified
CFX,CFX,Mach
CGA,CGA,Chems
CGBD,CGBD,Unclassified
CGI,CGI,Trans
CGIX,CGIX,Hlth
CGNT,CGNT,MedEq
CGNX,CGNX,LabEq
CHCI,CHCI,Cnstr
CHCO,CHCO,Banks
CHD,CHD,Hshld
CHDN,CHDN,Fun
CHE,CHE,Hlth
CHEF,CHEF,Unclassified
CHFC,CHFC,Banks
CHFN,CHFN,Banks
CHFS,CHFS,Unclassified
CHGG,CHGG,PerSv
CHH,CHH,Meals
CHK,CHK,Oil
CHKE,CHKE,Clths
CHMA,CHMA,Unclassified
CHMG,CHMG,Unclassified
CHMT,CHMT,Chems
CHRS,CHRS,Unclassified
CHRW,CHRW,Trans
CHS,CHS,Rtail
CHTR,CHTR,Telcm
CHUBA,CHUBA,Unclassified
CHUBK,CHUBK,Unclassified
CHUY,CHUY,Unclassified
CI,CI,Insur
CIA,CIA,Insur
CIDM,CIDM,BusSv
CIE,CIE,Oil
CIEN,CIEN,Chips
CINF,CINF,Insur
CIR,CIR,BldMt
CIT,CIT,Banks
CIVB,CIVB,Banks
CIVI,CIVI,Hlth
CIX,CIX,Mach
CIZN,CIZN,Banks
CJ,CJ,Oil
CJJD,CJJD,Mines
CKH,CKH,Oil
CKPT,CKPT,Unclassified
CKX,CKX,Oil
CL,CL,Hshld
CLAC,CLAC,BusSv
CLAR,CLAR,BusSv
CLBH,CLBH,Banks
CLBS,CLBS,Hlth
CLC,CLC,Autos
CLCD,CLCD,Unclassified
CLCT,CLCT,BusSv
CLD,CLD,Coal
CLDR,CLDR,BusSv
CLDX,CLDX,Drugs
CLF,CLF,Mines
CLFD,CLFD,LabEq
CLGX,CLGX,BusSv
CLH,CLH,Other
CLIR,CLIR,Unclassified
CLMS,CLMS,Fin
CLNE,CLNE,Util
CLNT,CLNT,Fin
CLR,CLR,Oil
CLRB,CLRB,BusSv
CLRO,CLRO,Chips
CLSD,CLSD,Unclassified
CLSN,CLSN,Drugs
CLUB,CLUB,Fun
CLVS,CLVS,Unclassified
CLW,CLW,Paper
CLX,CLX,Hshld
CLXT,CLXT,Unclassified
CMA,CMA,Banks
CMC,CMC,Steel
CMCO,CMCO,Mach
CMCSA,CMCSA,Telcm
CMD,CMD,MedEq
CME,CME,Fin
CMG,CMG,Meals
CMI,CMI,Mach
CMLS,CMLS,Telcm
CMP,CMP,Mines
CMRX,CMRX,Unclassified
CMS,CMS,Util
CMT,CMT,Rubbr
CMTL,CMTL,ElcEq
CNA,CNA,Insur
CNAT,CNAT,Unclassified
CNBKA,CNBKA,Banks
CNC,CNC,Insur
CNCE,CNCE,Unclassified
CNDT,CNDT,BusSv
CNET,CNET,BusSv
CNFR,CNFR,Unclassified
CNK,CNK,Fun
CNMD,CNMD,MedEq
CNNE,CNNE,Fin
CNO,CNO,Insur
CNOB,CNOB,Banks
CNP,CNP,Util
CNS,CNS,Fin
CNSL,CNSL,Telcm
CNTY,CNTY,Fun
CNX,CNX,Coal
CNXN,CNXN,Rtail
CNXR,CNXR,Unclassified
COBZ,COBZ,Banks
CODA,CODA,Unclassified
CODX,CODX,Unclassified
COF,COF,Banks
COG,COG,Oil
COGT,COGT,Telcm
COH,COH,Hshld
COHN,COHN,Fin
COHR,COHR,LabEq
COHU,COHU,LabEq
COKE,COKE,Beer
COL,COL,Aero
COLB,COLB,Banks
COLL,COLL,Unclassified
COLM,COLM,Whlsl
COMM,COMM,Unclassified
CONN,CONN,Rtail
COO,COO,MedEq
COOL,COOL,BusSv
COP,COP,Oil
CORE,CORE,Whlsl
CORI,CORI,Drugs
CORT,CORT,Drugs
COST,COST,Rtail
COTV,COTV,Fin
COTY,COTY,Hshld
COUP,COUP,Unclassified
COVS,COVS,Unclassified
COWN,COWN,Unclassified
COYN,COYN,Unclassified
CPAA,CPAA,Unclassified
CPAH,CPAH,BusSv
CPB,CPB,Food
CPE,CPE,Oil
CPF,CPF,Banks
CPHC,CPHC,Fun
CPHI,CPHI,Drugs
CPIX,CPIX,Drugs
CPK,CPK,Util
CPLA,CPLA,PerSv
CPN,CPN,Util
CPRT,CPRT,Whlsl
CPRX,CPRX,Drugs
CPS,CPS,Autos
CPSH,CPSH,Hshld
CPSI,CPSI,BusSv
CPSS,CPSS,Banks
CPST,CPST,ElcEq
CQH,CQH,Fin
CR,CR,BldMt
CRAI,CRAI,BusSv
CRAY,CRAY,Comps
CRBP,CRBP,Unclassified
CRC,CRC,Oil
CRCM,CRCM,PerSv
CRD,CRD,Insur
CRDS,CRDS,Comps
CREE,CREE,Chips
CREG,CREG,Beer
CRI,CRI,Clths
CRIS,CRIS,Drugs
CRK,CRK,Oil
CRL,CRL,BusSv
CRM,CRM,BusSv
CRMD,CRMD,BusSv
CRMT,CRMT,Telcm
CROX,CROX,Clths
CRR,CRR,BldMt
CRS,CRS,Steel
CRTN,CRTN,BusSv
CRUS,CRUS,Chips
CRVL,CRVL,Insur
CRVP,CRVP,Soda
CRVS,CRVS,Unclassified
CRWS,CRWS,Txtls
CRY,CRY,MedEq
CRZO,CRZO,Oil
CSBK,CSBK,Banks
CSBR,CSBR,Meals
CSC,CSC,BusSv
CSCO,CSCO,Chips
CSFL,CSFL,Banks
CSGP,CSGP,RlEst
CSGS,CSGS,BusSv
CSII,CSII,Drugs
CSL,CSL,Rubbr
CSLT,CSLT,BusSv
CSOD,CSOD,Unclassified
CSPI,CSPI,Comps
CSRA,CSRA,BusSv
CSS,CSS,Books
CSSE,CSSE,Unclassified
CST,CST,Rtail
CSTR,CSTR,Unclassified
CSU,CSU,Hlth
CSV,CSV,PerSv
CSWI,CSWI,Unclassified
CSX,CSX,Trans
CTAS,CTAS,Clths
CTB,CTB,Autos
CTBI,CTBI,Banks
CTEK,CTEK,BusSv
CTG,CTG,BusSv
CTHR,CTHR,Hshld
CTIB,CTIB,Rubbr
CTIC,CTIC,Drugs
CTL,CTL,Telcm
CTLT,CTLT,Drugs
CTMX,CTMX,Unclassified
CTO,CTO,RlEst
CTRL,CTRL,BusSv
CTRN,CTRN,Rtail
CTRV,CTRV,Drugs
CTS,CTS,Chips
CTSH,CTSH,BusSv
CTSO,CTSO,BusSv
CTWS,CTWS,Util
CTXR,CTXR,Unclassified
CTXS,CTXS,BusSv
CUB,CUB,LabEq
CUBI,CUBI,Banks
CUBN,CUBN,Banks
CUDA,CUDA,Comps
CUI,CUI,BusSv
CULP,CULP,Txtls
CUNB,CUNB,Banks
CUO,CUO,BldMt
CUR,CUR,Drugs
CURO,CURO,BusSv
CUTR,CUTR,MedEq
CVA,CVA,Other
CVBF,CVBF,Banks
CVCO,CVCO,Paper
CVCY,CVCY,Banks
CVG,CVG,BusSv
CVGI,CVGI,Autos
CVGW,CVGW,Agric
CVI,CVI,Oil
CVLT,CVLT,BusSv
CVLY,CVLY,Banks
CVM,CVM,Drugs
CVNA,CVNA,Rtail
CVO,CVO,Paper
CVR,CVR,BldMt
CVRS,CVRS,Whlsl
CVS,CVS,Rtail
CVTI,CVTI,Trans
CVU,CVU,Aero
CVV,CVV,Mach
CVX,CVX,Oil
CW,CW,Mach
CWAY,CWAY,Unclassified
CWBC,CWBC,Banks
CWBR,CWBR,Unclassified
CWEI,CWEI,Oil
CWH,CWH,Fin
CWST,CWST,Other
CWT,CWT,Util
CXDC,CXDC,Mines
CXO,CXO,Oil
CY,CY,Chips
CYAN,CYAN,Drugs
CYBE,CYBE,LabEq
CYCC,CYCC,Drugs
CYH,CYH,Hlth
CYNO,CYNO,MedEq
CYRX,CYRX,Unclassified
CYTK,CYTK,Drugs
CYTR,CYTR,Drugs
CYTX,CYTX,MedEq
CZFC,CZFC,Banks
CZNC,CZNC,Fin
CZR,CZR,Unclassified
CZWI,CZWI,Banks
D,D,Util
DAIO,DAIO,Comps
DAKT,DAKT,Unclassified
DAL,DAL,Trans
DAN,DAN,Autos
DAR,DAR,Other
DARE,DARE,Unclassified
DATA,DATA,BusSv
DAVE,DAVE,Meals
DBD,DBD,BusSv
DCI,DCI,Mach
DCO,DCO,Aero
DCOM,DCOM,Banks
DCPH,DCPH,Unclassified
DCTH,DCTH,MedEq
DD,DD,Chems
DDD,DDD,BusSv
DDE,DDE,Fun
DDS,DDS,Rtail
DE,DE,Mach
DECK,DECK,Clths
DEL,DEL,BldMt
DENN,DENN,Meals
DEPO,DEPO,Drugs
DERM,DERM,Unclassified
DEST,DEST,Rtail
DF,DF,Food
DFBG,DFBG,Hshld
DFFN,DFFN,Hshld
DFIN,DFIN,BusSv
DFRG,DFRG,Unclassified
DFS,DFS,Banks
DG,DG,Rtail
DGAS,DGAS,Util
DGI,DGI,Telcm
DGICA,DGICA,Insur
DGICB,DGICB,Insur
DGII,DGII,Comps
DGLT,DGLT,Unclassified
DGLY,DGLY,Chips
DGSE,DGSE,Whlsl
DGX,DGX,Hlth
DHI,DHI,Cnstr
DHIL,DHIL,Fin
DHR,DHR,Whlsl
DHX,DHX,BusSv
DIN,DIN,Meals
DIOD,DIOD,Chips
DIS,DIS,BusSv
DISCA,DISCA,Telcm
DISCB,DISCB,Telcm
DISCK,DISCK,Telcm
DISH,DISH,Telcm
DIT,DIT,Whlsl
DJCO,DJCO,Books
DK,DK,Oil
DKS,DKS,Rtail
DLA,DLA,Whlsl
DLB,DLB,Chips
DLHC,DLHC,BusSv
DLPN,DLPN,Unclassified
DLTH,DLTH,Unclassified
DLTR,DLTR,Rtail
DLX,DLX,Books
DMPI,DMPI,Unclassified
DMRC,DMRC,Unclassified
DMTX,DMTX,Unclassified
DNAI,DNAI,Unclassified
DNB,DNB,BusSv
DNBF,DNBF,Fin
DNKN,DNKN,Unclassified
DNLI,DNLI,Unclassified
DNOW,DNOW,Whlsl
DNR,DNR,Oil
DO,DO,Oil
DORM,DORM,Whlsl
DOTA,DOTA,Unclassified
DOV,DOV,Hshld
DOVA,DOVA,Unclassified
DOW,DOW,Chems
DPLO,DPLO,Rtail
DPRX,DPRX,Unclassified
DPS,DPS,Soda
DPW,DPW,Chips
DPZ,DPZ,Meals
DRAD,DRAD,MedEq
DRAM,DRAM,Comps
DRI,DRI,Meals
DRIO,DRIO,Unclassified
DRNA,DRNA,Unclassified
DRQ,DRQ,Mach
DRRX,DRRX,Drugs
DS,DS,Fin
DSCI,DSCI,Drugs
DSKE,DSKE,Unclassified
DSPG,DSPG,BusSv
DSS,DSS,Comps
DST,DST,BusSv
DSW,DSW,Rtail
DTE,DTE,Util
DTLK,DTLK,BusSv
DTRM,DTRM,BusSv
DUK,DUK,Util
DV,DV,PerSv
DVA,DVA,Hlth
DVAX,DVAX,Drugs
DVCR,DVCR,Hlth
DVD,DVD,Fun
DVMT,DVMT,LabEq
DVN,DVN,Oil
DWCH,DWCH,BusSv
DWDP,DWDP,Chems
DWSN,DWSN,Oil
DXC,DXC,BusSv
DXCM,DXCM,MedEq
DXLG,DXLG,Rtail
DXPE,DXPE,Whlsl
DXR,DXR,MedEq
DXTR,DXTR,MedEq
DXYN,DXYN,Txtls
DY,DY,Cnstr
DYN,DYN,Util
DYNT,DYNT,Chips
DYSL,DYSL,Boxes
DZSI,DZSI,Chips
EA,EA,BusSv
EACQ,EACQ,Unclassified
EAT,EAT,Meals
EBAY,EBAY,BusSv
EBF,EBF,Paper
EBIO,EBIO,Unclassified
EBIX,EBIX,Comps
EBMT,EBMT,Fin
EBS,EBS,Drugs
EBSB,EBSB,Banks
EBTC,EBTC,Fin
ECHO,ECHO,Unclassified
ECL,ECL,LabEq
ECOL,ECOL,Other
ECOM,ECOM,BusSv
ECPG,ECPG,Banks
ECR,ECR,Oil
ECYT,ECYT,Unclassified
ED,ED,Util
EDE,EDE,Util
EDGE,EDGE,Unclassified
EDGW,EDGW,BusSv
EDIT,EDIT,Unclassified
EDUC,EDUC,Whlsl
EE,EE,Util
EEFT,EEFT,Banks
EEI,EEI,BusSv
EEP,EEP,Trans
EEX,EEX,BusSv
EFBI,EFBI,Unclassified
EFII,EFII,Comps
EFOI,EFOI,ElcEq
EFSC,EFSC,Fin
EFX,EFX,BusSv
EGAN,EGAN,BusSv
EGAS,EGAS,Util
EGBN,EGBN,Banks
EGHT,EGHT,Telcm
EGL,EGL,BusSv
EGLT,EGLT,Unclassified
EGN,EGN,Oil
EGOV,EGOV,Comps
EGRX,EGRX,Unclassified
EGT,EGT,Whlsl
EGY,EGY,Oil
EHTH,EHTH,Insur
EIG,EIG,Insur
EIGI,EIGI,Unclassified
EIGR,EIGR,Unclassified
EIX,EIX,Util
EKSO,EKSO,Unclassified
EL,EL,Hshld
ELF,ELF,Hshld
ELGX,ELGX,MedEq
ELLI,ELLI,BusSv
ELMD,ELMD,MedEq
ELNK,ELNK,BusSv
ELON,ELON,BusSv
ELSE,ELSE,LabEq
ELVT,ELVT,Banks
ELY,ELY,Toys
EMAN,EMAN,Chips
EMCF,EMCF,Fin
EMCI,EMCI,Insur
EME,EME,Cnstr
EMG,EMG,Insur
EMKR,EMKR,Chips
EML,EML,BldMt
EMMS,EMMS,Telcm
EMN,EMN,Chems
EMR,EMR,Mach
ENFC,ENFC,Unclassified
ENG,ENG,BusSv
ENLC,ENLC,Trans
ENOC,ENOC,BusSv
ENPH,ENPH,Unclassified
ENR,ENR,ElcEq
ENRJ,ENRJ,Oil
ENS,ENS,Mach
ENSG,ENSG,Hlth
ENSV,ENSV,Oil
ENT,ENT,Unclassified
ENTA,ENTA,Unclassified
ENTG,ENTG,Rubbr
ENTL,ENTL,Unclassified
ENV,ENV,BusSv
ENVA,ENVA,Banks
ENZ,ENZ,Hlth
EOG,EOG,Oil
EPAM,EPAM,BusSv
EPAY,EPAY,BusSv
EPC,EPC,Whlsl
EPE,EPE,Oil
EPIX,EPIX,Unclassified
EPM,EPM,Oil
EPZM,EPZM,Unclassified
EQBK,EQBK,Unclassified
EQFN,EQFN,Unclassified
EQT,EQT,Oil
ERA,ERA,Oil
ERI,ERI,Unclassified
ERIE,ERIE,Insur
ERII,ERII,Unclassified
ERN,ERN,Oil
ERS,ERS,Comps
ES,ES,Util
ESBK,ESBK,Banks
ESCA,ESCA,Toys
ESDI,ESDI,Unclassified
ESE,ESE,Chips
ESES,ESES,BusSv
ESIO,ESIO,Mach
ESL,ESL,LabEq
ESNC,ESNC,ElcEq
ESND,ESND,Whlsl
ESP,ESP,Chips
ESPR,ESPR,Unclassified
ESQ,ESQ,Unclassified
ESRX,ESRX,Hlth
ESSA,ESSA,Fin
ESTE,ESTE,Oil
ESXB,ESXB,Banks
ETFC,ETFC,Fin
ETH,ETH,Hshld
ETM,ETM,Telcm
ETR,ETR,Util
ETRM,ETRM,MedEq
ETSY,ETSY,Unclassified
EV,EV,Fin
EVBG,EVBG,Unclassified
EVBN,EVBN,Banks
EVBS,EVBS,Banks
EVC,EVC,Telcm
EVER,EVER,Banks
EVH,EVH,BusSv
EVHC,EVHC,Hlth
EVI,EVI,Whlsl
EVK,EVK,Clths
EVLV,EVLV,Rtail
EVOK,EVOK,Unclassified
EVOL,EVOL,BusSv
EVR,EVR,Fin
EVRI,EVRI,BusSv
EVTC,EVTC,BusSv
EW,EW,MedEq
EWBC,EWBC,Banks
EXA,EXA,Unclassified
EXAC,EXAC,MedEq
EXAR,EXAR,Chips
EXAS,EXAS,BusSv
EXC,EXC,Util
EXEL,EXEL,BusSv
EXLS,EXLS,BusSv
EXP,EXP,BldMt
EXPD,EXPD,Trans
EXPE,EXPE,Telcm
EXPO,EXPO,BusSv
EXPR,EXPR,Rtail
EXTN,EXTN,BusSv
EXTR,EXTR,Comps
EXXI,EXXI,Unclassified
EYE,EYE,Unclassified
EYEG,EYEG,Unclassified
EYES,EYES,Unclassified
EZPW,EZPW,Banks
F,F,Autos
FAC,FAC,Insur
FAF,FAF,Insur
FALC,FALC,Comps
FANG,FANG,Unclassified
FARM,FARM,Food
FARO,FARO,LabEq
FAST,FAST,Rtail
FAT,FAT,Unclassified
FATE,FATE,Unclassified
FB,FB,BusSv
FBC,FBC,Banks
FBHS,FBHS,Whlsl
FBIO,FBIO,Drugs
FBIZ,FBIZ,Banks
FBK,FBK,Banks
FBM,FBM,Whlsl
FBMS,FBMS,Banks
FBNC,FBNC,Banks
FBNK,FBNK,Unclassified
FBP,FBP,Banks
FBRC,FBRC,Fin
FBSS,FBSS,Banks
FC,FC,BusSv
FCAP,FCAP,Banks
FCB,FCB,Fin
FCBC,FCBC,Banks
FCCO,FCCO,Banks
FCCY,FCCY,Banks
FCEL,FCEL,ElcEq
FCF,FCF,Banks
FCFP,FCFP,Unclassified
FCFS,FCFS,Rtail
FCN,FCN,BusSv
FCNCA,FCNCA,Banks
FCRE,FCRE,ElcEq
FCSC,FCSC,Drugs
FCX,FCX,Mines
FDBC,FDBC,Unclassified
FDC,FDC,BusSv
FDEF,FDEF,Banks
FDML,FDML,Autos
FDS,FDS,BusSv
FDX,FDX,Trans
FE,FE,Util
FEIM,FEIM,LabEq
FELE,FELE,ElcEq
FENX,FENX,Unclassified
FET,FET,Mach
FEYE,FEYE,Unclassified
FF,FF,Chems
FFBC,FFBC,Banks
FFBW,FFBW,Unclassified
FFG,FFG,Insur
FFIC,FFIC,Banks
FFIN,FFIN,Banks
FFIV,FFIV,BusSv
FFKT,FFKT,Banks
FFNW,FFNW,Banks
FFWM,FFWM,Unclassified
FGBI,FGBI,Unclassified
FGEN,FGEN,Unclassified
FGL,FGL,Insur
FH,FH,Telcm
FHB,FHB,Unclassified
FHCO,FHCO,Rubbr
FHN,FHN,Banks
FIBK,FIBK,Unclassified
FICO,FICO,BusSv
FIG,FIG,Fin
FII,FII,Fin
FINL,FINL,Toys
FIS,FIS,BusSv
FISI,FISI,Banks
FISV,FISV,BusSv
FIT,FIT,Comps
FITB,FITB,Fin
FIVE,FIVE,Unclassified
FIVN,FIVN,Unclassified
FIX,FIX,Cnstr
FIZZ,FIZZ,Soda
FL,FL,Rtail
FLDM,FLDM,Unclassified
FLGT,FLGT,Unclassified
FLIC,FLIC,Banks
FLIR,FLIR,Chips
FLKS,FLKS,Unclassified
FLL,FLL,Meals
FLO,FLO,Food
FLOW,FLOW,Mach
FLR,FLR,BusSv
FLS,FLS,Mach
FLT,FLT,BusSv
FLWS,FLWS,Rtail
FLXN,FLXN,Unclassified
FLXS,FLXS,Hshld
FMAO,FMAO,Unclassified
FMBH,FMBH,Banks
FMBI,FMBI,Banks
FMC,FMC,Chems
FMCI,FMCI,Unclassified
FMI,FMI,Unclassified
FMNB,FMNB,Banks
FMSA,FMSA,Mines
FNB,FNB,Banks
FNBC,FNBC,Unclassified
FNBG,FNBG,Unclassified
FNCX,FNCX,Comps
FND,FND,Rtail
FNF,FNF,Fin
FNFV,FNFV,Fin
FNGN,FNGN,Fin
FNHC,FNHC,Insur
FNJN,FNJN,Chems
FNKO,FNKO,Unclassified
FNLC,FNLC,Banks
FNSR,FNSR,BusSv
FNTE,FNTE,Unclassified
FNWB,FNWB,Unclassified
FOE,FOE,Chems
FOGO,FOGO,Unclassified
FOLD,FOLD,Drugs
FONR,FONR,MedEq
FOR,FOR,RlEst
FORD,FORD,Hshld
FORM,FORM,LabEq
FORR,FORR,BusSv
FOSL,FOSL,Hshld
FOX,FOX,Books
FOXA,FOXA,Books
FOXF,FOXF,Unclassified
FPAY,FPAY,Unclassified
FPH,FPH,RlEst
FPP,FPP,Oil
FPRX,FPRX,Unclassified
FRAC,FRAC,Oil
FRAN,FRAN,Unclassified
FRBA,FRBA,Banks
FRBK,FRBK,Banks
FRC,FRC,Banks
FRD,FRD,Steel
FRED,FRED,Rtail
FRGI,FRGI,Unclassified
FRME,FRME,Banks
FRP,FRP,Unclassified
FRPH,FRPH,Trans
FRPT,FRPT,Unclassified
FRSH,FRSH,Unclassified
FRTA,FRTA,Unclassified
FSAC,FSAC,Unclassified
FSAM,FSAM,Unclassified
FSB,FSB,Banks
FSBC,FSBC,Banks
FSBK,FSBK,Banks
FSBW,FSBW,Unclassified
FSCT,FSCT,Unclassified
FSFG,FSFG,Banks
FSI,FSI,Chems
FSLR,FSLR,Chips
FSNN,FSNN,Telcm
FSS,FSS,Autos
FSTR,FSTR,Steel
FTAI,FTAI,BusSv
FTD,FTD,Unclassified
FTEK,FTEK,Whlsl
FTFT,FTFT,BusSv
FTI,FTI,Mach
FTK,FTK,Chems
FTNT,FTNT,Unclassified
FTNW,FTNW,BusSv
FTR,FTR,Util
FTV,FTV,Chips
FUEL,FUEL,Unclassified
FUL,FUL,Chems
FULT,FULT,Banks
FUNC,FUNC,Banks
FUSB,FUSB,Fin
FUV,FUV,Unclassified
FVE,FVE,Hlth
FWONA,FWONA,Unclassified
FWONK,FWONK,Unclassified
FWRD,FWRD,Trans
FXCM,FXCM,Telcm
GABC,GABC,Banks
GAIA,GAIA,BusSv
GALE,GALE,BusSv
GALT,GALT,Drugs
GATX,GATX,BusSv
GBCI,GBCI,Banks
GBL,GBL,Fin
GBNK,GBNK,Banks
GBR,GBR,Oil
GBT,GBT,Unclassified
GBX,GBX,Mach
GCAP,GCAP,Fin
GCBC,GCBC,Banks
GCI,GCI,Books
GCO,GCO,Rtail
GCP,GCP,Chems
GD,GD,Aero
GDDY,GDDY,Comps
GDEN,GDEN,Fun
GDI,GDI,Mach
GDOT,GDOT,Banks
GDP,GDP,Oil
GE,GE,Mach
GEC,GEC,BusSv
GEF,GEF,Boxes
GEMP,GEMP,Unclassified
GEN,GEN,Hlth
GENC,GENC,Mach
GEOS,GEOS,LabEq
GERN,GERN,Drugs
GES,GES,Clths
GEVO,GEVO,Unclassified
GFED,GFED,Banks
GFF,GFF,Whlsl
GFN,GFN,BusSv
GGG,GGG,Mach
GGO,GGO,Fin
GHC,GHC,Books
GHDX,GHDX,Hlth
GHL,GHL,Fin
GHM,GHM,Mach
GIFI,GIFI,BldMt
GIG,GIG,Chips
GIGA,GIGA,Chips
GIII,GIII,Clths
GILD,GILD,Drugs
GIMO,GIMO,BusSv
GIS,GIS,Food
GK,GK,PerSv
GKOS,GKOS,LabEq
GLA,GLA,Comps
GLBL,GLBL,Unclassified
GLBR,GLBR,Telcm
GLBZ,GLBZ,Banks
GLDD,GLDD,Cnstr
GLF,GLF,Oil
GLOW,GLOW,Telcm
GLT,GLT,Paper
GLUU,GLUU,BusSv
GLW,GLW,Steel
GLYC,GLYC,Unclassified
GM,GM,Autos
GMAN,GMAN,Unclassified
GME,GME,Rtail
GMED,GMED,MedEq
GMO,GMO,Mines
GMS,GMS,BldMt
GNBC,GNBC,Banks
GNC,GNC,Rtail
GNCA,GNCA,Unclassified
GNCMA,GNCMA,Telcm
GNE,GNE,Util
GNK,GNK,Trans
GNMK,GNMK,Unclassified
GNMX,GNMX,BusSv
GNRC,GNRC,ElcEq
GNTX,GNTX,Autos
GNTY,GNTY,Banks
GNUS,GNUS,Unclassified
GNVC,GNVC,Drugs
GNW,GNW,Insur
GOGO,GOGO,Unclassified
GOLF,GOLF,Toys
GOOG,GOOG,BusSv
GOOGL,GOOGL,BusSv
GORO,GORO,Gold
GPAC,GPAC,Unclassified
GPC,GPC,Whlsl
GPI,GPI,Rtail
GPIC,GPIC,Toys
GPK,GPK,Paper
GPN,GPN,BusSv
GPOR,GPOR,Oil
GPRE,GPRE,Chems
GPRO,GPRO,Unclassified
GPS,GPS,Rtail
GPX,GPX,PerSv
GRA,GRA,Chems
GRBK,GRBK,Chems
GRC,GRC,Mach
GRIF,GRIF,Agric
GROW,GROW,Fin
GRPN,GRPN,Unclassified
GRUB,GRUB,Rtail
GS,GS,Fin
GSAT,GSAT,Telcm
GSB,GSB,BusSv
GSBC,GSBC,Banks
GSHT,GSHT,Unclassified
GSIT,GSIT,Chips
GST,GST,Oil
GT,GT,Autos
GTE,GTE,Oil
GTHX,GTHX,Unclassified
GTIM,GTIM,Meals
GTLS,GTLS,FabPr
GTN,GTN,Telcm
GTS,GTS,Insur
GTT,GTT,BusSv
GTWN,GTWN,Banks
GTXI,GTXI,Drugs
GUID,GUID,BusSv
GURE,GURE,BusSv
GV,GV,Cnstr
GVA,GVA,Cnstr
GVP,GVP,BusSv
GWB,GWB,Banks
GWGH,GWGH,Unclassified
GWR,GWR,Trans
GWRE,GWRE,BusSv
GWRS,GWRS,Unclassified
GWW,GWW,Rtail
GXP,GXP,Util
GYRO,GYRO,Unclassified
H,H,Meals
HA,HA,Trans
HABT,HABT,Unclassified
HAE,HAE,MedEq
HAFC,HAFC,Banks
HAIN,HAIN,Food
HAIR,HAIR,Unclassified
HAL,HAL,Oil
HALL,HALL,Insur
HALO,HALO,Drugs
HAR,HAR,Autos
HAS,HAS,Toys
HAWK,HAWK,Unclassified
HAYN,HAYN,Steel
HBAN,HBAN,Banks
HBB,HBB,Hshld
HBCP,HBCP,Unclassified
HBHC,HBHC,Banks
HBI,HBI,Rtail
HBIO,HBIO,LabEq
HBK,HBK,Unclassified
HBMD,HBMD,Banks
HBNC,HBNC,Fin
HBP,HBP,Whlsl
HCA,HCA,Hlth
HCAC,HCAC,Fin
HCC,HCC,Whlsl
HCCI,HCCI,Other
HCHC,HCHC,Telcm
HCI,HCI,Insur
HCKT,HCKT,BusSv
HCOM,HCOM,Unclassified
HCSG,HCSG,BusSv
HD,HD,Rtail
HDNG,HDNG,Mach
HDP,HDP,Unclassified
HDS,HDS,Unclassified
HDSN,HDSN,Chems
HE,HE,Util
HEAR,HEAR,Unclassified
HEB,HEB,Drugs
HEES,HEES,BusSv
HEI,HEI,Aero
HEOP,HEOP,Banks
HES,HES,Oil
HF,HF,RlEst
HFBC,HFBC,Banks
HFBL,HFBL,Banks
HFC,HFC,Oil
HFWA,HFWA,Banks
HGG,HGG,Rtail
HGSH,HGSH,BusSv
HGV,HGV,Meals
HH,HH,Hlth
HHC,HHC,RlEst
HHS,HHS,BusSv
HI,HI,Guns
HIBB,HIBB,Rtail
HIFS,HIFS,Banks
HIG,HIG,Insur
HII,HII,Whlsl
HIIQ,HIIQ,Unclassified
HIL,HIL,BusSv
HIVE,HIVE,Comps
HK,HK,Oil
HL,HL,Gold
HLI,HLI,Fin
HLIT,HLIT,ElcEq
HLNE,HLNE,Unclassified
HLS,HLS,Hlth
HLT,HLT,Meals
HLX,HLX,Oil
HMHC,HMHC,Unclassified
HMN,HMN,Insur
HMNF,HMNF,Banks
HMNY,HMNY,BusSv
HMST,HMST,Unclassified
HMSY,HMSY,BusSv
HMTA,HMTA,Unclassified
HMTV,HMTV,Telcm
HNH,HNH,Unclassified
HNI,HNI,Paper
HNNA,HNNA,Fin
HNR,HNR,Oil
HNRG,HNRG,Oil
HOFT,HOFT,Hshld
HOG,HOG,Hshld
HOLX,HOLX,MedEq
HOMB,HOMB,Banks
HOME,HOME,Rtail
HON,HON,Whlsl
HONE,HONE,Unclassified
HOPE,HOPE,Banks
HOS,HOS,Oil
HOTR,HOTR,BusSv
HOV,HOV,Cnstr
HP,HP,Oil
HPE,HPE,BusSv
HPJ,HPJ,ElcEq
HPQ,HPQ,Comps
HQY,HQY,Unclassified
HRB,HRB,Banks
HRC,HRC,MedEq
HRG,HRG,Hshld
HRI,HRI,Fin
HRL,HRL,Food
HRMN,HRMN,Unclassified
HRS,HRS,Chips
HRT,HRT,MedEq
HRTG,HRTG,Insur
HRTX,HRTX,Chems
HSC,HSC,FabPr
HSGX,HSGX,Unclassified
HSIC,HSIC,Whlsl
HSII,HSII,BusSv
HSKA,HSKA,Drugs
HSNI,HSNI,Unclassified
HSON,HSON,BusSv
HSTM,HSTM,PerSv
HSY,HSY,Soda
HTBI,HTBI,Unclassified
HTBK,HTBK,Banks
HTBX,HTBX,Unclassified
HTGM,HTGM,Unclassified
HTH,HTH,Banks
HTLD,HTLD,Trans
HTLF,HTLF,Banks
HTM,HTM,Util
HTZ,HTZ,PerSv
HUBB,HUBB,Whlsl
HUBG,HUBG,Trans
HUBS,HUBS,BusSv
HUM,HUM,Insur
HUN,HUN,Chems
HURC,HURC,Mach
HURN,HURN,BusSv
HUSA,HUSA,Oil
HVBC,HVBC,Unclassified
HVT,HVT,Rtail
HW,HW,BldMt
HWAY,HWAY,Hlth
HWBK,HWBK,Banks
HWCC,HWCC,Whlsl
HWKN,HWKN,Whlsl
HXL,HXL,Whlsl
HY,HY,Autos
HYAC,HYAC,Unclassified
HYH,HYH,MedEq
HZN,HZN,Fin
HZO,HZO,Rtail
IAC,IAC,Telcm
IAM,IAM,Unclassified
IART,IART,Drugs
IBCP,IBCP,Banks
IBIO,IBIO,Drugs
IBKC,IBKC,Banks
IBKR,IBKR,Fin
IBM,IBM,BusSv
IBOC,IBOC,Banks
IBP,IBP,Cnstr
IBTX,IBTX,Unclassified
ICAD,ICAD,Comps
ICBK,ICBK,Unclassified
ICCC,ICCC,Drugs
ICCH,ICCH,Unclassified
ICD,ICD,Oil
ICE,ICE,Fin
ICFI,ICFI,BusSv
ICON,ICON,Clths
ICPT,ICPT,Unclassified
ICUI,ICUI,MedEq
IDA,IDA,Util
IDCC,IDCC,Chips
IDN,IDN,BusSv
IDRA,IDRA,Drugs
IDSA,IDSA,BusSv
IDSY,IDSY,BusSv
IDT,IDT,Telcm
IDTI,IDTI,Chips
IDXG,IDXG,BusSv
IDXX,IDXX,Drugs
IEC,IEC,Chips
IEHC,IEHC,Chips
IESC,IESC,Cnstr
IEX,IEX,Mach
IFF,IFF,Chems
IFMI,IFMI,Fin
IFMK,IFMK,Unclassified
IFON,IFON,Whlsl
IGC,IGC,BusSv
IHC,IHC,Insur
III,III,BusSv
IIIN,IIIN,Steel
IIN,IIN,Chips
IIVI,IIVI,LabEq
IKNX,IKNX,Hshld
IL,IL,BusSv
ILG,ILG,Unclassified
ILMN,ILMN,LabEq
IMDZ,IMDZ,Unclassified
IMGN,IMGN,Drugs
IMH,IMH,Banks
IMI,IMI,Unclassified
IMKTA,IMKTA,Rtail
IMMR,IMMR,Comps
IMMU,IMMU,Drugs
IMMY,IMMY,Mines
IMN,IMN,Comps
IMNP,IMNP,Drugs
IMPV,IMPV,BusSv
IMUC,IMUC,Drugs
INAP,INAP,BusSv
INBK,INBK,Banks
INCR,INCR,Unclassified
INCY,INCY,BusSv
INDB,INDB,Banks
INDU,INDU,Unclassified
INFI,INFI,Drugs
INFN,INFN,Chips
INFU,INFU,MedEq
INGN,INGN,Unclassified
INGR,INGR,Food
INO,INO,LabEq
INOD,INOD,BusSv
INOV,INOV,Unclassified
INPX,INPX,Unclassified
INS,INS,BldMt
INSE,INSE,Unclassified
INSG,INSG,Telcm
INSM,INSM,Drugs
INST,INST,BusSv
INSY,INSY,BusSv
INT,INT,Whlsl
INTC,INTC,Chips
INTG,INTG,RlEst
INTL,INTL,Fin
INTT,INTT,LabEq
INTU,INTU,BusSv
INTX,INTX,Banks
INUV,INUV,BusSv
INVA,INVA,Drugs
INVE,INVE,Comps
INVN,INVN,Chips
INVT,INVT,Chips
INWK,INWK,Books
IO,IO,Oil
IONS,IONS,Drugs
IOR,IOR,Fin
IOSP,IOSP,Chems
IOT,IOT,Fin
IOTS,IOTS,Unclassified
IOVA,IOVA,Trans
IP,IP,Paper
IPAR,IPAR,Whlsl
IPAS,IPAS,BusSv
IPCC,IPCC,Insur
IPDN,IPDN,Unclassified
IPG,IPG,BusSv
IPGP,IPGP,Chips
IPHI,IPHI,Chips
IPHS,IPHS,Whlsl
IPI,IPI,Chems
IPWR,IPWR,Unclassified
IPXL,IPXL,Drugs
IQNT,IQNT,Telcm
IQV,IQV,BusSv
IRBT,IRBT,BusSv
IRDM,IRDM,Telcm
IRG,IRG,Unclassified
IRIX,IRIX,MedEq
IRMD,IRMD,Unclassified
IROQ,IROQ,Unclassified
IRTC,IRTC,Unclassified
IRWD,IRWD,Unclassified
ISBC,ISBC,Fin
ISCA,ISCA,Fun
ISDR,ISDR,BusSv
ISIG,ISIG,Whlsl
ISIL,ISIL,Chips
ISLE,ISLE,Fun
ISNS,ISNS,LabEq
ISR,ISR,MedEq
ISRG,ISRG,MedEq
ISRL,ISRL,Oil
ISSC,ISSC,Chips
ISTR,ISTR,Banks
IT,IT,BusSv
ITCI,ITCI,Unclassified
ITEK,ITEK,Unclassified
ITG,ITG,Fin
ITGR,ITGR,ElcEq
ITI,ITI,Chips
ITIC,ITIC,Insur
ITRI,ITRI,Comps
ITT,ITT,Mach
ITUS,ITUS,Comps
ITW,ITW,Whlsl
IVAC,IVAC,Mach
IVC,IVC,MedEq
IVTY,IVTY,Unclassified
IXYS,IXYS,Chips
IZEA,IZEA,Unclassified
JACK,JACK,Meals
JAG,JAG,Oil
JAGX,JAGX,Unclassified
JAKK,JAKK,Toys
JASN,JASN,Unclassified
JAX,JAX,Meals
JBHT,JBHT,Trans
JBL,JBL,Chips
JBLU,JBLU,Trans
JBSS,JBSS,Soda
JBT,JBT,Mach
JCOM,JCOM,Telcm
JCP,JCP,Rtail
JCS,JCS,ElcEq
JEC,JEC,BusSv
JELD,JELD,BldMt
JILL,JILL,Rtail
JIVE,JIVE,Unclassified
JJSF,JJSF,Food
JKHY,JKHY,Comps
JLL,JLL,RlEst
JMBA,JMBA,Fin
JMP,JMP,Fin
JNCE,JNCE,Unclassified
JNJ,JNJ,Drugs
JNP,JNP,Drugs
JNPR,JNPR,Comps
JNS,JNS,Fin
JOB,JOB,BusSv
JOE,JOE,RlEst
JONE,JONE,Oil
JOUT,JOUT,Toys
JOY,JOY,Mach
JPM,JPM,Banks
JRJR,JRJR,MedEq
JSYN,JSYN,Unclassified
JTPY,JTPY,Unclassified
JUNO,JUNO,Unclassified
JVA,JVA,Food
JW,JW,Books
JWN,JWN,Rtail
JXSB,JXSB,Banks
JYNT,JYNT,Unclassified
K,K,Food
KAAC,KAAC,Unclassified
KAI,KAI,Mach
KALA,KALA,Unclassified
KALU,KALU,Steel
KALV,KALV,Unclassified
KAMN,KAMN,Whlsl
KAR,KAR,Whlsl
KATE,KATE,Rtail
KBAL,KBAL,Toys
KBH,KBH,Cnstr
KBLM,KBLM,Unclassified
KBR,KBR,Cnstr
KCG,KCG,Fin
KDMN,KDMN,Drugs
KE,KE,Unclassified
KEG,KEG,Oil
KELYA,KELYA,BusSv
KELYB,KELYB,BusSv
KEM,KEM,Chips
KEQU,KEQU,Whlsl
KERX,KERX,BusSv
KEX,KEX,Trans
KEY,KEY,Banks
KEYS,KEYS,LabEq
KEYW,KEYW,Unclassified
KFFB,KFFB,Banks
KFRC,KFRC,BusSv
KFY,KFY,BusSv
KGJI,KGJI,BusSv
KHC,KHC,Unclassified
KIDS,KIDS,Unclassified
KIN,KIN,Unclassified
KINS,KINS,Fin
KIRK,KIRK,Rtail
KITE,KITE,Drugs
KLAC,KLAC,LabEq
KLIC,KLIC,Mach
KLRE,KLRE,Unclassified
KLXI,KLXI,Unclassified
KMB,KMB,Hshld
KMG,KMG,Chems
KMI,KMI,Util
KMPH,KMPH,Unclassified
KMPR,KMPR,Insur
KMT,KMT,Mach
KMX,KMX,Rtail
KN,KN,Whlsl
KND,KND,Hlth
KNDI,KNDI,Autos
KNL,KNL,Paper
KNSL,KNSL,Unclassified
KNX,KNX,Trans
KO,KO,Soda
KODK,KODK,Hshld
KONA,KONA,Meals
KOOL,KOOL,Mach
KOP,KOP,Chems
KOPN,KOPN,Chips
KOSS,KOSS,Toys
KPTI,KPTI,Unclassified
KR,KR,Rtail
KRA,KRA,Chems
KRNY,KRNY,Banks
KRO,KRO,Chems
KRYS,KRYS,Unclassified
KS,KS,Paper
KSS,KSS,Rtail
KSU,KSU,Trans
KTCC,KTCC,Comps
KTEC,KTEC,Mach
KTOS,KTOS,Telcm
KTWO,KTWO,Unclassified
KURA,KURA,Unclassified
KVHI,KVHI,Chips
KW,KW,RlEst
KWR,KWR,Oil
L,L,Insur
LABL,LABL,Books
LACQ,LACQ,Unclassified
LAD,LAD,Rtail
LAKE,LAKE,MedEq
LANC,LANC,Food
LARK,LARK,Banks
LAUR,LAUR,Unclassified
LAWS,LAWS,Whlsl
LAYN,LAYN,Cnstr
LB,LB,Rtail
LBAI,LBAI,Fin
LBC,LBC,Unclassified
LBIO,LBIO,Trans
LBRDA,LBRDA,Unclassified
LBRDK,LBRDK,Unclassified
LBY,LBY,Hshld
LC,LC,Banks
LCA,LCA,Unclassified
LCI,LCI,Drugs
LCII,LCII,Autos
LCNB,LCNB,Banks
LCUT,LCUT,Whlsl
LDL,LDL,Autos
LDOS,LDOS,Comps
LDR,LDR,LabEq
LE,LE,Unclassified
LEA,LEA,Autos
LECO,LECO,Mach
LEDS,LEDS,Unclassified
LEE,LEE,Books
LEG,LEG,Whlsl
LEI,LEI,Oil
LEN,LEN,Cnstr
LEU,LEU,Mines
LEVB,LEVB,BusSv
LEXEA,LEXEA,Unclassified
LEXEB,LEXEB,Unclassified
LFGR,LFGR,BusSv
LFIN,LFIN,Unclassified
LFUS,LFUS,Chips
LFVN,LFVN,Fin
LGC,LGC,Fin
LGIH,LGIH,Unclassified
LGL,LGL,Chips
LGND,LGND,Drugs
LH,LH,Hlth
LHCG,LHCG,Hlth
LIFE,LIFE,Unclassified
LII,LII,Whlsl
LINC,LINC,PerSv
LIND,LIND,Unclassified
LINK,LINK,Chips
LION,LION,Banks
LIOX,LIOX,BusSv
LIQT,LIQT,Fin
LITE,LITE,Unclassified
LIVE,LIVE,BusSv
LJPC,LJPC,Drugs
LKFN,LKFN,Banks
LKQ,LKQ,Whlsl
LKSD,LKSD,BusSv
LL,LL,Rtail
LLEX,LLEX,Oil
LLL,LLL,Chips
LLNW,LLNW,BusSv
LLTC,LLTC,Chips
LLY,LLY,Drugs
LM,LM,Fin
LMAT,LMAT,MedEq
LMB,LMB,Unclassified
LMCA,LMCA,Unclassified
LMCK,LMCK,Unclassified
LMFA,LMFA,Unclassified
LMIA,LMIA,Aero
LMNR,LMNR,Unclassified
LMNX,LMNX,BusSv
LMOS,LMOS,Unclassified
LMT,LMT,Guns
LNC,LNC,Insur
LNCE,LNCE,Food
LNDC,LNDC,Chems
LNG,LNG,Util
LNN,LNN,Mach
LNT,LNT,Util
LNTH,LNTH,Unclassified
LOAN,LOAN,Books
LOB,LOB,Unclassified
LOCK,LOCK,BusSv
LOCO,LOCO,Meals
LODE,LODE,Gold
LOGM,LOGM,Unclassified
LONE,LONE,Oil
LOOP,LOOP,Unclassified
LOPE,LOPE,Unclassified
LORL,LORL,Telcm
LOV,LOV,BusSv
LOW,LOW,Rtail
LOXO,LOXO,Unclassified
LPCN,LPCN,Food
LPI,LPI,Oil
LPLA,LPLA,Unclassified
LPNT,LPNT,Insur
LPSN,LPSN,BusSv
LPTH,LPTH,Unclassified
LPTX,LPTX,Unclassified
LPX,LPX,BldMt
LQ,LQ,Fin
LQDT,LQDT,BusSv
LRAD,LRAD,Toys
LRCX,LRCX,Mach
LRN,LRN,PerSv
LSBG,LSBG,Banks
LSBK,LSBK,Banks
LSCC,LSCC,Chips
LSTR,LSTR,Trans
LSXMA,LSXMA,Unclassified
LSXMB,LSXMB,Unclassified
LSXMK,LSXMK,Unclassified
LTBR,LTBR,Mines
LTEA,LTEA,Food
LTRPA,LTRPA,Unclassified
LTRPB,LTRPB,Unclassified
LTRX,LTRX,Comps
LTS,LTS,Fin
LTXB,LTXB,Banks
LUB,LUB,Meals
LUK,LUK,Whlsl
LULU,LULU,Rtail
LUNA,LUNA,BusSv
LUV,LUV,Trans
LVLT,LVLT,Telcm
LVNTA,LVNTA,Telcm
LVNTB,LVNTB,Telcm
LVS,LVS,Meals
LW,LW,Food
LWAY,LWAY,Food
LXRX,LXRX,BusSv
LXU,LXU,Chems
LYTS,LYTS,ElcEq
LYV,LYV,Fun
LZB,LZB,Whlsl
M,M,Rtail
MA,MA,BusSv
MACK,MACK,Unclassified
MACQ,MACQ,Unclassified
MAMS,MAMS,Unclassified
MAN,MAN,BusSv
MANH,MANH,BusSv
MANT,MANT,BusSv
MAR,MAR,Meals
MARA,MARA,Unclassified
MARK,MARK,Telcm
MAS,MAS,BldMt
MASI,MASI,MedEq
MAT,MAT,Toys
MATR,MATR,Comps
MATW,MATW,Steel
MATX,MATX,Trans
MAYS,MAYS,RlEst
MB,MB,Unclassified
MBCN,MBCN,Unclassified
MBFI,MBFI,Banks
MBI,MBI,Insur
MBII,MBII,Whlsl
MBIN,MBIN,Unclassified
MBIO,MBIO,Unclassified
MBLX,MBLX,BusSv
MBOT,MBOT,Drugs
MBRG,MBRG,Banks
MBRX,MBRX,Unclassified
MBTF,MBTF,Banks
MBUU,MBUU,Unclassified
MBVT,MBVT,Banks
MBVX,MBVX,BusSv
MBWM,MBWM,Banks
MC,MC,Fin
MCB,MCB,Banks
MCBC,MCBC,Fin
MCD,MCD,Meals
MCF,MCF,Oil
MCFT,MCFT,Unclassified
MCHP,MCHP,Chips
MCHX,MCHX,BusSv
MCK,MCK,Hlth
MCO,MCO,BusSv
MCRB,MCRB,Unclassified
MCRI,MCRI,Fun
MCRN,MCRN,Mach
MCS,MCS,Meals
MCY,MCY,Insur
MD,MD,Hlth
MDB,MDB,Unclassified
MDC,MDC,Cnstr
MDCO,MDCO,Drugs
MDGL,MDGL,Drugs
MDLY,MDLY,Fin
MDLZ,MDLZ,Food
MDP,MDP,Books
MDRX,MDRX,BusSv
MDSO,MDSO,Unclassified
MDU,MDU,Util
MDVX,MDVX,Unclassified
MDXG,MDXG,Unclassified
MED,MED,Food
MEDP,MEDP,Unclassified
MEET,MEET,BusSv
MEG,MEG,Telcm
MEI,MEI,Chips
MEIP,MEIP,Drugs
MELI,MELI,BusSv
MELR,MELR,Unclassified
MENT,MENT,BusSv
MERC,MERC,Paper
MET,MET,Insur
METC,METC,Unclassified
MFIN,MFIN,Banks
MFNC,MFNC,Banks
MFRI,MFRI,Txtls
MFS,MFS,Mach
MFSF,MFSF,Banks
MG,MG,BusSv
MGCD,MGCD,MedEq
MGEE,MGEE,Util
MGEN,MGEN,Unclassified
MGI,MGI,BusSv
MGLN,MGLN,Hlth
MGM,MGM,Fun
MGNX,MGNX,Unclassified
MGPI,MGPI,Beer
MGRC,MGRC,Rtail
MGYR,MGYR,Fin
MHH,MHH,BusSv
MHK,MHK,Whlsl
MHO,MHO,Cnstr
MIC,MIC,BusSv
MICR,MICR,MedEq
MICT,MICT,Chips
MIDD,MIDD,Mach
MIII,MIII,Unclassified
MIK,MIK,Rtail
MIND,MIND,BusSv
MINI,MINI,BusSv
MIRN,MIRN,Unclassified
MITK,MITK,BusSv
MJCO,MJCO,Toys
MJN,MJN,Food
MKC,MKC,Food
MKL,MKL,Insur
MKSI,MKSI,LabEq
MKTX,MKTX,Fin
MLAB,MLAB,MedEq
MLHR,MLHR,Paper
MLI,MLI,FabPr
MLM,MLM,Mines
MLNK,MLNK,Fin
MLNT,MLNT,Unclassified
MLP,MLP,RlEst
MLR,MLR,Autos
MLSS,MLSS,MedEq
MLVF,MLVF,Banks
MMAC,MMAC,RlEst
MMC,MMC,Insur
MMDM,MMDM,Unclassified
MMI,MMI,RlEst
MMM,MMM,Whlsl
MMS,MMS,BusSv
MMSI,MMSI,MedEq
MN,MN,Fin
MNGA,MNGA,Mach
MNI,MNI,Books
MNKD,MNKD,Drugs
MNOV,MNOV,Drugs
MNRO,MNRO,PerSv
MNST,MNST,Soda
MNTA,MNTA,Drugs
MNTX,MNTX,Autos
MO,MO,Smoke
MOBL,MOBL,Unclassified
MOC,MOC,BusSv
MOCO,MOCO,LabEq
MOD,MOD,Autos
MODN,MODN,BusSv
MOFG,MOFG,Banks
MOG,MOG,Chips
MOGB,MOGB,Chips
MOH,MOH,Insur
MON,MON,Chems
MORN,MORN,Fin
MOS,MOS,Chems
MOSY,MOSY,Chips
MOV,MOV,Hshld
MOXC,MOXC,BusSv
MPAA,MPAA,ElcEq
MPAC,MPAC,Unclassified
MPB,MPB,Banks
MPC,MPC,Oil
MPET,MPET,Oil
MPG,MPG,Mach
MPO,MPO,Oil
MPWR,MPWR,Chips
MPX,MPX,Toys
MRAM,MRAM,Unclassified
MRBK,MRBK,Unclassified
MRC,MRC,Whlsl
MRCY,MRCY,Chips
MRDN,MRDN,Rtail
MRIN,MRIN,BusSv
MRK,MRK,Drugs
MRLN,MRLN,BusSv
MRNS,MRNS,Unclassified
MRO,MRO,Oil
MRSN,MRSN,Unclassified
MRTN,MRTN,Trans
MRTX,MRTX,Unclassified
MRVC,MRVC,Chips
MS,MS,Fin
MSA,MSA,MedEq
MSBF,MSBF,Banks
MSBI,MSBI,Unclassified
MSCC,MSCC,Chips
MSCI,MSCI,Fin
MSDI,MSDI,Unclassified
MSEX,MSEX,Util
MSFG,MSFG,Banks
MSFT,MSFT,BusSv
MSG,MSG,Telcm
MSGN,MSGN,Telcm
MSI,MSI,Chips
MSL,MSL,Banks
MSM,MSM,Whlsl
MSN,MSN,Toys
MSON,MSON,MedEq
MSTR,MSTR,BusSv
MSTX,MSTX,Drugs
MTB,MTB,Banks
MTBC,MTBC,Unclassified
MTCH,MTCH,Unclassified
MTD,MTD,LabEq
MTDR,MTDR,Oil
MTEM,MTEM,Drugs
MTEX,MTEX,Drugs
MTG,MTG,Insur
MTH,MTH,Cnstr
MTN,MTN,Meals
MTNB,MTNB,Drugs
MTOR,MTOR,Autos
MTRN,MTRN,Chips
MTRX,MTRX,Cnstr
MTSC,MTSC,LabEq
MTSI,MTSI,Unclassified
MTW,MTW,Mach
MTX,MTX,Chems
MTZ,MTZ,Cnstr
MU,MU,Chips
MULE,MULE,BusSv
MUR,MUR,Oil
MUSA,MUSA,Rtail
MUX,MUX,Mines
MVBF,MVBF,Unclassified
MVIS,MVIS,LabEq
MWA,MWA,BldMt
MX,MX,Chips
MXC,MXC,Soda
MXIM,MXIM,Chips
MXL,MXL,Chips
MXPT,MXPT,BusSv
MXWL,MXWL,ElcEq
MYCC,MYCC,RlEst
MYE,MYE,Rubbr
MYGN,MYGN,BusSv
MYND,MYND,Unclassified
MYO,MYO,BusSv
MYOK,MYOK,Unclassified
MYOS,MYOS,Rtail
MYRG,MYRG,Unclassified
MYSZ,MYSZ,Unclassified
NAII,NAII,Drugs
NAKD,NAKD,Unclassified
NAME,NAME,Unclassified
NANO,NANO,LabEq
NAOV,NAOV,Unclassified
NATH,NATH,Meals
NATI,NATI,Comps
NATR,NATR,Drugs
NAUH,NAUH,Unclassified
NAV,NAV,Autos
NAVB,NAVB,MedEq
NAVG,NAVG,Insur
NAVI,NAVI,Unclassified
NBEV,NBEV,Unclassified
NBHC,NBHC,Banks
NBIX,NBIX,BusSv
NBL,NBL,Oil
NBN,NBN,Banks
NBTB,NBTB,Banks
NBY,NBY,Drugs
NC,NC,Hshld
NCBS,NCBS,Banks
NCI,NCI,BusSv
NCIT,NCIT,Comps
NCMI,NCMI,BusSv
NCOM,NCOM,Unclassified
NCR,NCR,Comps
NCS,NCS,BldMt
NCSM,NCSM,Unclassified
NDAQ,NDAQ,Fin
NDLS,NDLS,Unclassified
NDRA,NDRA,Unclassified
NDSN,NDSN,Mach
NEE,NEE,Util
NEFF,NEFF,BusSv
NEM,NEM,Gold
NEO,NEO,Chips
NEOG,NEOG,Drugs
NEON,NEON,Chips
NEOS,NEOS,Unclassified
NEOT,NEOT,Unclassified
NERV,NERV,Unclassified
NES,NES,Mach
NETE,NETE,Unclassified
NEU,NEU,Chems
NEWM,NEWM,Fin
NEWR,NEWR,Whlsl
NEWS,NEWS,Banks
NEXT,NEXT,Unclassified
NFBK,NFBK,Fin
NFEC,NFEC,Telcm
NFG,NFG,Util
NFLX,NFLX,Fun
NFX,NFX,Oil
NGHC,NGHC,Unclassified
NGS,NGS,Oil
NGVC,NGVC,Rtail
NGVT,NGVT,Whlsl
NH,NH,Unclassified
NHC,NHC,Hlth
NHLD,NHLD,Fin
NHTC,NHTC,Whlsl
NI,NI,Util
NIHD,NIHD,Unclassified
NILE,NILE,Rtail
NJR,NJR,Util
NK,NK,Unclassified
NKE,NKE,Clths
NKSH,NKSH,Banks
NKTR,NKTR,Drugs
NL,NL,Chems
NLNK,NLNK,Unclassified
NLS,NLS,Toys
NLST,NLST,Chips
NMBL,NMBL,Comps
NMIH,NMIH,Unclassified
NMRK,NMRK,Unclassified
NMRX,NMRX,ElcEq
NNBR,NNBR,Mach
NNI,NNI,Banks
NNVC,NNVC,BusSv
NOC,NOC,Chips
NODK,NODK,Unclassified
NOG,NOG,Oil
NOV,NOV,Mach
NOVN,NOVN,Unclassified
NOW,NOW,BusSv
NP,NP,Paper
NPK,NPK,Txtls
NPO,NPO,Rubbr
NPTN,NPTN,Chips
NR,NR,Mach
NRCIA,NRCIA,BusSv
NRCIB,NRCIB,BusSv
NRG,NRG,Util
NRIM,NRIM,Banks
NSAM,NSAM,BusSv
NSC,NSC,Trans
NSEC,NSEC,Insur
NSIT,NSIT,Whlsl
NSM,NSM,Banks
NSP,NSP,BusSv
NSPR,NSPR,Mines
NSR,NSR,BusSv
NSSC,NSSC,Chips
NSTG,NSTG,Unclassified
NSYS,NSYS,Chips
NTAP,NTAP,Comps
NTCT,NTCT,BusSv
NTGR,NTGR,Chips
NTIC,NTIC,Paper
NTIP,NTIP,BusSv
NTLA,NTLA,Unclassified
NTN,NTN,Telcm
NTNX,NTNX,Unclassified
NTRA,NTRA,Unclassified
NTRI,NTRI,PerSv
NTRP,NTRP,Unclassified
NTRS,NTRS,Banks
NTWK,NTWK,BusSv
NUAN,NUAN,BusSv
NUE,NUE,Steel
NURO,NURO,MedEq
NUS,NUS,Hshld
NUTR,NUTR,Drugs
NUVA,NUVA,MedEq
NVAX,NVAX,Drugs
NVDA,NVDA,Chips
NVEC,NVEC,Chips
NVEE,NVEE,Unclassified
NVFY,NVFY,Mines
NVIV,NVIV,Whlsl
NVLS,NVLS,Unclassified
NVR,NVR,Cnstr
NVRO,NVRO,MedEq
NVTA,NVTA,Hlth
NVTR,NVTR,Unclassified
NVUS,NVUS,Drugs
NWBI,NWBI,Banks
NWE,NWE,Util
NWFL,NWFL,Banks
NWHM,NWHM,Cnstr
NWL,NWL,Rubbr
NWLI,NWLI,Insur
NWN,NWN,Util
NWPX,NWPX,Steel
NWS,NWS,Unclassified
NWSA,NWSA,Unclassified
NWY,NWY,Rtail
NX,NX,BldMt
NXEO,NXEO,Unclassified
NXST,NXST,Telcm
NXTD,NXTD,BusSv
NXTM,NXTM,MedEq
NYCB,NYCB,Banks
NYLD,NYLD,Util
NYNY,NYNY,Fun
NYT,NYT,Books
OA,OA,Guns
OAS,OAS,Oil
OBCI,OBCI,Rtail
OBLN,OBLN,Unclassified
OC,OC,BldMt
OCC,OCC,Steel
OCFC,OCFC,Banks
OCLR,OCLR,Chips
OCN,OCN,Banks
OCRX,OCRX,Unclassified
OCUL,OCUL,Drugs
OCX,OCX,Hlth
ODC,ODC,Hshld
ODFL,ODFL,Trans
ODP,ODP,Rtail
ODT,ODT,Unclassified
OESX,OESX,ElcEq
OFED,OFED,Unclassified
OFG,OFG,Banks
OFLX,OFLX,BldMt
OGE,OGE,Util
OGEN,OGEN,Drugs
OGS,OGS,Util
OGXI,OGXI,Drugs
OHGI,OHGI,MedEq
OHRP,OHRP,Insur
OI,OI,Boxes
OII,OII,Oil
OIS,OIS,Mach
OKE,OKE,Util
OKSB,OKSB,Banks
OKTA,OKTA,Unclassified
OLBK,OLBK,Banks
OLED,OLED,Comps
OLLI,OLLI,Unclassified
OLN,OLN,Chems
OMC,OMC,BusSv
OMCL,OMCL,Comps
OME,OME,Food
OMED,OMED,Unclassified
OMER,OMER,Unclassified
OMEX,OMEX,Trans
OMF,OMF,Banks
OMI,OMI,Drugs
OMN,OMN,Chems
OMNT,OMNT,Unclassified
ON,ON,Chips
ONB,ONB,Banks
ONCE,ONCE,Unclassified
ONCS,ONCS,BusSv
ONDK,ONDK,Banks
ONP,ONP,Paper
ONS,ONS,Unclassified
ONTX,ONTX,Unclassified
ONVI,ONVI,BusSv
ONVO,ONVO,RlEst
OOMA,OOMA,BusSv
OPB,OPB,Unclassified
OPGN,OPGN,Unclassified
OPHC,OPHC,Banks
OPHT,OPHT,Unclassified
OPK,OPK,Drugs
OPNT,OPNT,Unclassified
OPOF,OPOF,Banks
OPTN,OPTN,Unclassified
OPTT,OPTT,Chips
OPXA,OPXA,Drugs
OPY,OPY,Fin
ORA,ORA,Util
ORBC,ORBC,Telcm
ORCL,ORCL,BusSv
OREX,OREX,Drugs
ORI,ORI,Insur
ORIT,ORIT,Fin
ORLY,ORLY,Rtail
ORMP,ORMP,Mines
ORN,ORN,Cnstr
ORRF,ORRF,Banks
OSBC,OSBC,Banks
OSG,OSG,Trans
OSIR,OSIR,Drugs
OSIS,OSIS,LabEq
OSK,OSK,Mach
OSPR,OSPR,Unclassified
OSTK,OSTK,Rtail
OSUR,OSUR,Drugs
OTEL,OTEL,Telcm
OTIC,OTIC,Unclassified
OTTR,OTTR,Util
OTTW,OTTW,Banks
OUT,OUT,BusSv
OVAS,OVAS,Drugs
OVBC,OVBC,Banks
OVID,OVID,Unclassified
OVLY,OVLY,Unclassified
OXM,OXM,Clths
OXY,OXY,Oil
OZRK,OZRK,Banks
P,P,Telcm
PACB,PACB,Unclassified
PACW,PACW,Banks
PAG,PAG,Rtail
PAH,PAH,Chems
PAHC,PAHC,Unclassified
PANW,PANW,Comps
PAR,PAR,BusSv
PARR,PARR,Oil
PATI,PATI,Unclassified
PATK,PATK,Whlsl
PAVM,PAVM,Unclassified
PAY,PAY,Comps
PAYC,PAYC,BusSv
PAYX,PAYX,BusSv
PB,PB,Banks
PBBI,PBBI,Banks
PBCT,PBCT,Banks
PBF,PBF,Oil
PBH,PBH,Drugs
PBHC,PBHC,Banks
PBI,PBI,Comps
PBIB,PBIB,Fin
PBIP,PBIP,Banks
PBNC,PBNC,Unclassified
PBPB,PBPB,Unclassified
PBSK,PBSK,Unclassified
PBYI,PBYI,Drugs
PCAR,PCAR,Autos
PCBK,PCBK,Banks
PCG,PCG,Util
PCLN,PCLN,BusSv
PCMI,PCMI,Rtail
PCO,PCO,Telcm
PCRX,PCRX,Unclassified
PCSB,PCSB,Unclassified
PCTI,PCTI,BusSv
PCTY,PCTY,Unclassified
PCYG,PCYG,BusSv
PCYO,PCYO,Mach
PDCE,PDCE,Oil
PDCO,PDCO,Rtail
PDEX,PDEX,Hlth
PDFS,PDFS,BusSv
PDLB,PDLB,Unclassified
PDLI,PDLI,Drugs
PDVW,PDVW,Unclassified
PE,PE,Oil
PEBK,PEBK,Banks
PEBO,PEBO,Banks
PED,PED,Oil
PEG,PEG,Util
PEGA,PEGA,BusSv
PEGI,PEGI,Unclassified
PEIX,PEIX,Chems
PEN,PEN,MedEq
PENN,PENN,Fun
PEP,PEP,Soda
PERF,PERF,Rtail
PERY,PERY,Clths
PES,PES,Oil
PESI,PESI,Other
PETQ,PETQ,Unclassified
PETS,PETS,Rtail
PETX,PETX,Unclassified
PF,PF,Whlsl
PFBC,PFBC,Banks
PFBI,PFBI,Banks
PFBX,PFBX,Banks
PFE,PFE,Drugs
PFG,PFG,Insur
PFGC,PFGC,Whlsl
PFIE,PFIE,Rtail
PFIN,PFIN,Mach
PFIS,PFIS,Fin
PFMT,PFMT,Unclassified
PFNX,PFNX,BusSv
PFPT,PFPT,Unclassified
PFS,PFS,Banks
PFSI,PFSI,Banks
PFSW,PFSW,BusSv
PG,PG,Hshld
PGC,PGC,Fin
PGEM,PGEM,BldMt
PGLC,PGLC,BusSv
PGNX,PGNX,Drugs
PGR,PGR,Insur
PGTI,PGTI,BldMt
PH,PH,Mach
PHH,PHH,Banks
PHII,PHII,Trans
PHIIK,PHIIK,Trans
PHM,PHM,Cnstr
PHMD,PHMD,ElcEq
PHX,PHX,Oil
PI,PI,Unclassified
PICO,PICO,Insur
PIH,PIH,Unclassified
PII,PII,Autos
PINC,PINC,Unclassified
PIP,PIP,Drugs
PIR,PIR,Rtail
PIRS,PIRS,Unclassified
PIXY,PIXY,Unclassified
PJC,PJC,Fin
PJT,PJT,Fin
PK,PK,Meals
PKBK,PKBK,Banks
PKD,PKD,Oil
PKE,PKE,Chips
PKG,PKG,Boxes
PKI,PKI,LabEq
PKOH,PKOH,FabPr
PLAB,PLAB,Chips
PLAY,PLAY,Unclassified
PLBC,PLBC,Banks
PLCE,PLCE,Rtail
PLKI,PLKI,Meals
PLNT,PLNT,Fun
PLOW,PLOW,Mach
PLPC,PLPC,ElcEq
PLPM,PLPM,Unclassified
PLSE,PLSE,Unclassified
PLT,PLT,Chips
PLUG,PLUG,ElcEq
PLUS,PLUS,Banks
PLX,PLX,Drugs
PLXP,PLXP,Unclassified
PLXS,PLXS,Chips
PM,PM,Smoke
PMBC,PMBC,Fin
PMC,PMC,Rtail
PMD,PMD,Hlth
PMTS,PMTS,Unclassified
PN,PN,Insur
PNBK,PNBK,Banks
PNC,PNC,Banks
PNFP,PNFP,Banks
PNK,PNK,Unclassified
PNM,PNM,Util
PNRA,PNRA,Meals
PNRG,PNRG,Oil
PNW,PNW,Util
PODD,PODD,MedEq
POL,POL,Chems
POLA,POLA,Unclassified
POOL,POOL,Whlsl
POR,POR,Util
POST,POST,Food
POWI,POWI,Chips
POWL,POWL,LabEq
PPBI,PPBI,Unclassified
PPC,PPC,Food
PPG,PPG,Chems
PPHM,PPHM,Drugs
PPIH,PPIH,Txtls
PPL,PPL,Util
PPSI,PPSI,PerSv
PQ,PQ,Oil
PQG,PQG,Whlsl
PRA,PRA,Insur
PRAA,PRAA,Banks
PRAH,PRAH,Unclassified
PRCP,PRCP,LabEq
PRFT,PRFT,BusSv
PRGS,PRGS,BusSv
PRGX,PRGX,BusSv
PRI,PRI,Insur
PRIM,PRIM,Cnstr
PRK,PRK,Fin
PRKR,PRKR,Toys
PRLB,PRLB,Rubbr
PRMW,PRMW,Unclassified
PRO,PRO,BusSv
PROV,PROV,Banks
PRPH,PRPH,Drugs
PRPO,PRPO,LabEq
PRSC,PRSC,PerSv
PRSS,PRSS,Unclassified
PRTK,PRTK,Drugs
PRTO,PRTO,Unclassified
PRTS,PRTS,Rtail
PRTY,PRTY,Rtail
PRU,PRU,Insur
PRXL,PRXL,BusSv
PRZM,PRZM,BusSv
PSDO,PSDO,Unclassified
PSDV,PSDV,Drugs
PSIX,PSIX,Unclassified
PSMT,PSMT,Rtail
PSTB,PSTB,Banks
PSTG,PSTG,Comps
PSTI,PSTI,BusSv
PSX,PSX,Oil
PTC,PTC,BusSv
PTCT,PTCT,Unclassified
PTEN,PTEN,Oil
PTGX,PTGX,Unclassified
PTI,PTI,Unclassified
PTIE,PTIE,Drugs
PTLA,PTLA,Unclassified
PTN,PTN,Drugs
PTSI,PTSI,Trans
PTX,PTX,Fin
PUB,PUB,Unclassified
PULM,PULM,Unclassified
PUMP,PUMP,Oil
PVAC,PVAC,Unclassified
PVBC,PVBC,Unclassified
PVH,PVH,Clths
PVTB,PVTB,Banks
PWOD,PWOD,Banks
PWR,PWR,Cnstr
PX,PX,Chems
PXD,PXD,Oil
PXLW,PXLW,Chips
PYDS,PYDS,BusSv
PYPL,PYPL,Unclassified
PZG,PZG,Mines
PZN,PZN,Fin
PZRX,PZRX,Unclassified
PZZA,PZZA,Meals
Q,Q,BusSv
QADA,QADA,BusSv
QADB,QADB,BusSv
QBAK,QBAK,Comps
QCOM,QCOM,Chips
QCRH,QCRH,Banks
QDEL,QDEL,Drugs
QEP,QEP,Oil
QHC,QHC,Hlth
QLYS,QLYS,Unclassified
QNST,QNST,Unclassified
QPAC,QPAC,Unclassified
QRHC,QRHC,BusSv
QRVO,QRVO,Chips
QSII,QSII,BusSv
QTM,QTM,Comps
QTNA,QTNA,Unclassified
QTRX,QTRX,Unclassified
QTWO,QTWO,BusSv
QUAD,QUAD,BusSv
QUIK,QUIK,Chips
QUMU,QUMU,Comps
QUOT,QUOT,BusSv
QVCA,QVCA,Telcm
QVCB,QVCB,Telcm
R,R,PerSv
RAD,RAD,Rtail
RAI,RAI,Smoke
RAIL,RAIL,Ships
RARE,RARE,Unclassified
RARX,RARX,Unclassified
RATE,RATE,BusSv
RAVE,RAVE,Meals
RAVN,RAVN,ElcEq
RBB,RBB,Unclassified
RBBN,RBBN,Chips
RBC,RBC,ElcEq
RBCAA,RBCAA,Banks
RBCN,RBCN,Chips
RBPAA,RBPAA,Banks
RCII,RCII,BusSv
RCKY,RCKY,Clths
RCM,RCM,BusSv
RCMT,RCMT,BusSv
RDFN,RDFN,Unclassified
RDI,RDI,Banks
RDIB,RDIB,Banks
RDN,RDN,Insur
RDNT,RDNT,Hlth
RDUS,RDUS,Drugs
RECN,RECN,BusSv
REED,REED,Soda
REFR,REFR,Chips
REGI,REGI,Unclassified
REGN,REGN,Drugs
REI,REI,Oil
REIS,REIS,BusSv
RELL,RELL,Whlsl
RELV,RELV,Food
RELY,RELY,Unclassified
REN,REN,Oil
REPH,REPH,Unclassified
RES,RES,Whlsl
RESN,RESN,Unclassified
RETA,RETA,Unclassified
REV,REV,Hshld
REVG,REVG,Autos
REX,REX,Chems
REXX,REXX,Oil
RF,RF,Banks
RFIL,RFIL,Chips
RFP,RFP,BldMt
RGA,RGA,Insur
RGC,RGC,Fun
RGCO,RGCO,Util
RGEN,RGEN,Drugs
RGLD,RGLD,Fin
RGLS,RGLS,Unclassified
RGNX,RGNX,Unclassified
RGR,RGR,Guns
RGS,RGS,PerSv
RGSE,RGSE,BusSv
RH,RH,Rtail
RHE,RHE,Hlth
RHI,RHI,BusSv
RHT,RHT,BusSv
RIBT,RIBT,Food
RICE,RICE,Oil
RICK,RICK,Meals
RIGL,RIGL,BusSv
RILY,RILY,BusSv
RIOT,RIOT,Drugs
RJF,RJF,Fin
RKDA,RKDA,Unclassified
RL,RL,Clths
RLGT,RLGT,Trans
RLGY,RLGY,RlEst
RLH,RLH,Meals
RLI,RLI,Insur
RLJE,RLJE,Unclassified
RLOG,RLOG,Trans
RM,RM,Banks
RMAX,RMAX,Fin
RMBL,RMBL,Unclassified
RMBS,RMBS,Chips
RMCF,RMCF,Food
RMD,RMD,MedEq
RMGN,RMGN,Unclassified
RMNI,RMNI,Unclassified
RMR,RMR,Unclassified
RMTI,RMTI,MedEq
RNDB,RNDB,Banks
RNET,RNET,Unclassified
RNG,RNG,Telcm
RNGR,RNGR,Oil
RNN,RNN,Drugs
RNST,RNST,Banks
RNVA,RNVA,Mach
RNWK,RNWK,BusSv
ROCK,ROCK,Steel
ROG,ROG,Chems
ROIA,ROIA,Telcm
ROIAK,ROIAK,Telcm
ROK,ROK,ElcEq
ROKA,ROKA,Unclassified
ROKU,ROKU,Unclassified
ROL,ROL,BusSv
ROLL,ROLL,Mach
ROP,ROP,LabEq
ROSE,ROSE,Unclassified
ROST,ROST,Rtail
ROX,ROX,Beer
RP,RP,Unclassified
RPD,RPD,Unclassified
RPM,RPM,Whlsl
RPRX,RPRX,Drugs
RPXC,RPXC,Unclassified
RRC,RRC,Oil
RRD,RRD,BusSv
RRGB,RRGB,Meals
RRR,RRR,Unclassified
RRTS,RRTS,Trans
RS,RS,Steel
RSG,RSG,Other
RSLS,RSLS,MedEq
RSPP,RSPP,Oil
RST,RST,BusSv
RSYS,RSYS,Chips
RT,RT,Meals
RTEC,RTEC,LabEq
RTIX,RTIX,BusSv
RTK,RTK,Util
RTN,RTN,Chips
RTNB,RTNB,Unclassified
RTRX,RTRX,Unclassified
RTTR,RTTR,Unclassified
RUBI,RUBI,BusSv
RUN,RUN,Unclassified
RUSHA,RUSHA,Rtail
RUSHB,RUSHB,Rtail
RUTH,RUTH,Meals
RVLT,RVLT,BusSv
RVNC,RVNC,Unclassified
RVP,RVP,MedEq
RVSB,RVSB,Banks
RWC,RWC,Chips
RXDX,RXDX,Oil
RXII,RXII,Drugs
RXN,RXN,FabPr
RYAM,RYAM,Chems
RYI,RYI,Whlsl
RYTM,RYTM,Unclassified
S,S,Telcm
SABR,SABR,Unclassified
SAEX,SAEX,Unclassified
SAFM,SAFM,Food
SAFT,SAFT,Insur
SAGE,SAGE,Unclassified
SAH,SAH,Rtail
SAIA,SAIA,Trans
SAIC,SAIC,BusSv
SAIL,SAIL,BusSv
SAJA,SAJA,Chips
SAL,SAL,Banks
SALE,SALE,Unclassified
SALM,SALM,Telcm
SAM,SAM,Beer
SAMG,SAMG,Unclassified
SANM,SANM,Chips
SANW,SANW,Unclassified
SASR,SASR,Banks
SATS,SATS,Chips
SAUC,SAUC,BusSv
SAVE,SAVE,Trans
SBAC,SBAC,Telcm
SBBX,SBBX,Banks
SBCF,SBCF,Banks
SBCP,SBCP,Fin
SBFG,SBFG,Banks
SBGI,SBGI,Telcm
SBH,SBH,Rtail
SBNY,SBNY,Banks
SBOT,SBOT,Unclassified
SBOW,SBOW,Oil
SBPH,SBPH,Unclassified
SBSA,SBSA,Telcm
SBSI,SBSI,Banks
SBT,SBT,Unclassified
SBUX,SBUX,Meals
SC,SC,Banks
SCAI,SCAI,Unclassified
SCCO,SCCO,Mines
SCG,SCG,Util
SCHL,SCHL,Books
SCHN,SCHN,Steel
SCHW,SCHW,Fin
SCI,SCI,PerSv
SCKT,SCKT,Comps
SCL,SCL,Hshld
SCLN,SCLN,Drugs
SCMP,SCMP,Drugs
SCNB,SCNB,Banks
SCON,SCON,Chips
SCOR,SCOR,BusSv
SCPH,SCPH,Unclassified
SCS,SCS,Mach
SCSC,SCSC,Whlsl
SCSS,SCSS,Hshld
SCVL,SCVL,Rtail
SCWX,SCWX,Unclassified
SCX,SCX,Mach
SCYX,SCYX,Unclassified
SD,SD,Oil
SDPI,SDPI,Whlsl
SE,SE,Util
SEAC,SEAC,ElcEq
SEAS,SEAS,Fun
SEB,SEB,Food
SEDG,SEDG,Unclassified
SEE,SEE,Rubbr
SEIC,SEIC,Fin
SELB,SELB,Unclassified
SELF,SELF,Unclassified
SEM,SEM,Hlth
SEMG,SEMG,Trans
SEND,SEND,BusSv
SENEA,SENEA,Food
SENEB,SENEB,Food
SENS,SENS,BusSv
SERV,SERV,Agric
SES,SES,Oil
SEV,SEV,ElcEq
SF,SF,Fin
SFBC,SFBC,Banks
SFBS,SFBS,Unclassified
SFE,SFE,Fin
SFIX,SFIX,Unclassified
SFLY,SFLY,BusSv
SFM,SFM,Rtail
SFNC,SFNC,Banks
SFS,SFS,Rtail
SFST,SFST,Banks
SGA,SGA,Telcm
SGB,SGB,Banks
SGBK,SGBK,Banks
SGBX,SGBX,Unclassified
SGC,SGC,Clths
SGEN,SGEN,Drugs
SGLB,SGLB,Unclassified
SGM,SGM,Banks
SGMA,SGMA,ElcEq
SGMO,SGMO,BusSv
SGMS,SGMS,Comps
SGNL,SGNL,Unclassified
SGRP,SGRP,BusSv
SGRY,SGRY,Unclassified
SGY,SGY,Oil
SGYP,SGYP,Unclassified
SHAK,SHAK,Meals
SHBI,SHBI,Oil
SHEN,SHEN,Telcm
SHLD,SHLD,Rtail
SHLM,SHLM,Chems
SHLO,SHLO,FabPr
SHOO,SHOO,Clths
SHOR,SHOR,Chips
SHOS,SHOS,Unclassified
SHSP,SHSP,BusSv
SHW,SHW,Whlsl
SIEB,SIEB,Fin
SIEN,SIEN,Unclassified
SIF,SIF,Aero
SIFI,SIFI,Banks
SIGI,SIGI,Insur
SIGM,SIGM,Comps
SINO,SINO,Unclassified
SIRI,SIRI,Telcm
SITE,SITE,Whlsl
SITO,SITO,BusSv
SIVB,SIVB,Banks
SIX,SIX,Fun
SJI,SJI,Util
SJM,SJM,Food
SJW,SJW,Util
SKIS,SKIS,Unclassified
SKLN,SKLN,MedEq
SKX,SKX,Clths
SKY,SKY,BldMt
SKYW,SKYW,Trans
SLAB,SLAB,Chips
SLCA,SLCA,Mines
SLCT,SLCT,Banks
SLGN,SLGN,BldMt
SLM,SLM,Banks
SLNO,SLNO,Unclassified
SLP,SLP,Comps
SM,SM,Oil
SMBC,SMBC,Banks
SMBK,SMBK,Unclassified
SMCI,SMCI,Comps
SMED,SMED,MedEq
SMG,SMG,Mach
SMHI,SMHI,Mach
SMIT,SMIT,Mach
SMMF,SMMF,Banks
SMP,SMP,Autos
SMPL,SMPL,Unclassified
SMRT,SMRT,Rtail
SMSI,SMSI,BusSv
SMTC,SMTC,Chips
SMTX,SMTX,Chips
SN,SN,Oil
SNA,SNA,Mach
SNAK,SNAK,Soda
SNAP,SNAP,BusSv
SNBC,SNBC,Banks
SNBR,SNBR,Hshld
SNC,SNC,Unclassified
SNCR,SNCR,BusSv
SND,SND,Oil
SNDR,SNDR,Trans
SNDX,SNDX,Unclassified
SNES,SNES,Unclassified
SNFCA,SNFCA,Banks
SNGX,SNGX,Unclassified
SNHY,SNHY,BldMt
SNI,SNI,Telcm
SNMX,SNMX,BusSv
SNNA,SNNA,Unclassified
SNOA,SNOA,MedEq
SNOW,SNOW,Meals
SNPS,SNPS,BusSv
SNSS,SNSS,Drugs
SNV,SNV,Banks
SNX,SNX,Comps
SO,SO,Util
SOFO,SOFO,BusSv
SOHU,SOHU,BusSv
SOI,SOI,Mach
SON,SON,Boxes
SONA,SONA,Banks
SONC,SONC,Meals
SONS,SONS,Chips
SORL,SORL,Autos
SP,SP,PerSv
SPA,SPA,Chips
SPAN,SPAN,MedEq
SPAR,SPAR,Autos
SPB,SPB,ElcEq
SPEX,SPEX,BusSv
SPGI,SPGI,Fin
SPKE,SPKE,Util
SPLK,SPLK,Unclassified
SPLS,SPLS,Rtail
SPN,SPN,Oil
SPNC,SPNC,MedEq
SPNE,SPNE,Unclassified
SPOK,SPOK,Telcm
SPPI,SPPI,BusSv
SPR,SPR,Aero
SPRO,SPRO,Unclassified
SPRT,SPRT,BusSv
SPSC,SPSC,Unclassified
SPTN,SPTN,Whlsl
SPU,SPU,BusSv
SPWH,SPWH,Unclassified
SPWR,SPWR,Chips
SPXC,SPXC,Cnstr
SQ,SQ,Comps
SQBG,SQBG,Fin
SR,SR,Util
SRAX,SRAX,Unclassified
SRCE,SRCE,Banks
SRCI,SRCI,Oil
SRCL,SRCL,Other
SRDX,SRDX,Chems
SRE,SRE,Trans
SREV,SREV,Unclassified
SRI,SRI,Autos
SRNE,SRNE,Unclassified
SRPT,SRPT,Drugs
SRRA,SRRA,Unclassified
SRT,SRT,BusSv
SRTS,SRTS,Unclassified
SRUN,SRUN,Unclassified
SSB,SSB,Banks
SSBI,SSBI,Banks
SSC,SSC,Rtail
SSD,SSD,BldMt
SSFN,SSFN,Banks
SSH,SSH,Unclassified
SSI,SSI,Rtail
SSKN,SSKN,MedEq
SSNC,SSNC,Unclassified
SSNI,SSNI,BusSv
SSNT,SSNT,BusSv
SSP,SSP,Telcm
SSTI,SSTI,Unclassified
SSTK,SSTK,BusSv
SSY,SSY,Hlth
STAA,STAA,MedEq
STAF,STAF,Meals
STBA,STBA,Banks
STBZ,STBZ,Banks
STC,STC,Insur
STFC,STFC,Insur
STI,STI,Banks
STJ,STJ,MedEq
STKS,STKS,Unclassified
STL,STL,Banks
STLD,STLD,Steel
STLY,STLY,Hshld
STML,STML,Drugs
STMP,STMP,Rtail
STRA,STRA,PerSv
STRL,STRL,Cnstr
STRM,STRM,Comps
STRP,STRP,Rtail
STRS,STRS,RlEst
STRT,STRT,Autos
STS,STS,Autos
STT,STT,Banks
STZ,STZ,Beer
SUM,SUM,Mines
SUMR,SUMR,Whlsl
SUNW,SUNW,Unclassified
SUP,SUP,Autos
SUPN,SUPN,Unclassified
SVBI,SVBI,Banks
SVRA,SVRA,Drugs
SVT,SVT,BldMt
SVU,SVU,Rtail
SWC,SWC,Mines
SWCH,SWCH,Rtail
SWFT,SWFT,Trans
SWK,SWK,Guns
SWKS,SWKS,Chips
SWM,SWM,Paper
SWN,SWN,Oil
SWX,SWX,Util
SXC,SXC,Steel
SXI,SXI,Mach
SXT,SXT,Soda
SYBT,SYBT,Fin
SYBX,SYBX,Unclassified
SYF,SYF,BusSv
SYK,SYK,MedEq
SYKE,SYKE,BusSv
SYMC,SYMC,BusSv
SYMX,SYMX,Oil
SYN,SYN,Drugs
SYNA,SYNA,Chips
SYNC,SYNC,Unclassified
SYNL,SYNL,BldMt
SYNT,SYNT,BusSv
SYPR,SYPR,LabEq
SYRG,SYRG,BusSv
SYRS,SYRS,Unclassified
SYRX,SYRX,Unclassified
SYUT,SYUT,Food
SYX,SYX,Rtail
SYY,SYY,Whlsl
T,T,Telcm
TA,TA,Rtail
TACO,TACO,Unclassified
TACT,TACT,Comps
TAIT,TAIT,Whlsl
TAP,TAP,Beer
TASR,TASR,Guns
TAST,TAST,Meals
TAYD,TAYD,Mach
TBBK,TBBK,Banks
TBI,TBI,BusSv
TBIO,TBIO,LabEq
TBK,TBK,Unclassified
TBNK,TBNK,Unclassified
TCB,TCB,Banks
TCBI,TCBI,Banks
TCBK,TCBK,Banks
TCCO,TCCO,Chips
TCF,TCF,Banks
TCFC,TCFC,Banks
TCI,TCI,Fin
TCMD,TCMD,Unclassified
TCON,TCON,Unclassified
TCS,TCS,Rtail
TCX,TCX,BusSv
TDC,TDC,Comps
TDG,TDG,Aero
TDOC,TDOC,BusSv
TDS,TDS,Telcm
TDW,TDW,Trans
TDY,TDY,BusSv
TEAR,TEAR,MedEq
TECD,TECD,Whlsl
TECH,TECH,Drugs
TELL,TELL,Oil
TEN,TEN,Autos
TENX,TENX,BusSv
TER,TER,LabEq
TERP,TERP,Unclassified
TESS,TESS,Whlsl
TEUM,TEUM,Telcm
TEX,TEX,Autos
TFSL,TFSL,Fin
TFX,TFX,MedEq
TG,TG,Rubbr
TGC,TGC,Oil
TGEN,TGEN,Unclassified
TGI,TGI,Aero
TGNA,TGNA,Fun
TGT,TGT,Rtail
TGTX,TGTX,Drugs
THC,THC,Hlth
THFF,THFF,Banks
THG,THG,Insur
THLD,THLD,Drugs
THO,THO,Autos
THR,THR,BusSv
THRM,THRM,Whlsl
THS,THS,Food
THST,THST,Unclassified
TIF,TIF,Rtail
TIK,TIK,Chips
TILE,TILE,Txtls
TIME,TIME,Books
TIPT,TIPT,BusSv
TIS,TIS,Paper
TISI,TISI,PerSv
TITN,TITN,Whlsl
TIVO,TIVO,Fun
TJX,TJX,Rtail
TKAI,TKAI,Drugs
TKAT,TKAT,MedEq
TKR,TKR,Mach
TLF,TLF,Clths
TLGT,TLGT,Drugs
TLRA,TLRA,BusSv
TLRD,TLRD,Rtail
TLYS,TLYS,Rtail
TMH,TMH,BusSv
TMHC,TMHC,RlEst
TMK,TMK,Insur
TMO,TMO,LabEq
TMP,TMP,Banks
TMST,TMST,Steel
TMUS,TMUS,Telcm
TNAV,TNAV,Unclassified
TNC,TNC,Mach
TNDM,TNDM,Unclassified
TNET,TNET,BusSv
TNGO,TNGO,Unclassified
TNTR,TNTR,Unclassified
TNXP,TNXP,Mines
TOCA,TOCA,Unclassified
TOL,TOL,Cnstr
TORM,TORM,Chems
TOWN,TOWN,Banks
TOWR,TOWR,FabPr
TPB,TPB,Smoke
TPC,TPC,Cnstr
TPGE,TPGE,Fin
TPH,TPH,Cnstr
TPHS,TPHS,Books
TPIC,TPIC,Unclassified
TPIV,TPIV,Unclassified
TPLM,TPLM,Oil
TPR,TPR,Hshld
TPX,TPX,Hshld
TR,TR,Soda
TRC,TRC,RlEst
TRCB,TRCB,Banks
TRCH,TRCH,Fun
TRCO,TRCO,Telcm
TREC,TREC,Oil
TREE,TREE,Unclassified
TREX,TREX,Chems
TRGP,TRGP,Util
TRHC,TRHC,Unclassified
TRIP,TRIP,Unclassified
TRK,TRK,Fun
TRLA,TRLA,BusSv
TRMB,TRMB,Chips
TRMK,TRMK,Fin
TRMR,TRMR,BusSv
TRN,TRN,Whlsl
TRNC,TRNC,Books
TRNS,TRNS,Chips
TROV,TROV,Unclassified
TROW,TROW,Fin
TRR,TRR,Other
TRS,TRS,ElcEq
TRST,TRST,Banks
TRT,TRT,Mach
TRU,TRU,BusSv
TRUE,TRUE,BusSv
TRUP,TRUP,Insur
TRV,TRV,Insur
TRVN,TRVN,Unclassified
TRXC,TRXC,MedEq
TSBK,TSBK,Banks
TSC,TSC,Unclassified
TSCO,TSCO,Rtail
TSLA,TSLA,Unclassified
TSN,TSN,Food
TSO,TSO,Oil
TSQ,TSQ,Telcm
TSRA,TSRA,Chips
TSRI,TSRI,BusSv
TSRO,TSRO,Unclassified
TSS,TSS,BusSv
TST,TST,Books
TTC,TTC,Mach
TTD,TTD,Unclassified
TTEC,TTEC,BusSv
TTEK,TTEK,BusSv
TTGT,TTGT,BusSv
TTI,TTI,Oil
TTMI,TTMI,Chips
TTNP,TTNP,Drugs
TTOO,TTOO,Unclassified
TTPH,TTPH,Unclassified
TTS,TTS,Unclassified
TTWO,TTWO,BusSv
TUES,TUES,Rtail
TUP,TUP,Rubbr
TUSK,TUSK,Unclassified
TVIA,TVIA,Unclassified
TVTY,TVTY,Hlth
TWI,TWI,Whlsl
TWIN,TWIN,Mach
TWLO,TWLO,BusSv
TWMC,TWMC,Rtail
TWNK,TWNK,Unclassified
TWOU,TWOU,Unclassified
TWTR,TWTR,BusSv
TWX,TWX,BusSv
TXMD,TXMD,Oil
TXN,TXN,Chips
TXRH,TXRH,Meals
TXT,TXT,Aero
TYHT,TYHT,Unclassified
TYL,TYL,BusSv
TYME,TYME,Unclassified
TYPE,TYPE,BusSv
TZOO,TZOO,Books
UA,UA,Clths
UAA,UAA,Clths
UAL,UAL,Trans
UAM,UAM,Insur
UAMY,UAMY,Mines
UBCP,UBCP,Banks
UBFO,UBFO,Banks
UBNK,UBNK,Fin
UBNT,UBNT,Comps
UBOH,UBOH,Banks
UBSH,UBSH,Banks
UBSI,UBSI,Banks
UCBA,UCBA,Banks
UCBI,UCBI,Banks
UCFC,UCFC,Banks
UCP,UCP,BusSv
UCTT,UCTT,Chips
UEC,UEC,Mines
UEIC,UEIC,Toys
UEPS,UEPS,BusSv
UFAB,UFAB,Rubbr
UFCS,UFCS,Insur
UFI,UFI,Txtls
UFPI,UFPI,Whlsl
UFPT,UFPT,Rubbr
UFS,UFS,Paper
UG,UG,Drugs
UGI,UGI,Util
UHAL,UHAL,Fin
UHS,UHS,Hlth
UIHC,UIHC,Unclassified
UIS,UIS,Comps
ULBI,ULBI,ElcEq
ULH,ULH,Trans
ULTA,ULTA,Rtail
ULTI,ULTI,BusSv
UMBF,UMBF,Banks
UMPQ,UMPQ,Banks
UNAM,UNAM,Insur
UNB,UNB,Banks
UNF,UNF,BusSv
UNFI,UNFI,Whlsl
UNH,UNH,Insur
UNIS,UNIS,Unclassified
UNM,UNM,Insur
UNP,UNP,Trans
UNT,UNT,Oil
UNTY,UNTY,Banks
UNVR,UNVR,Whlsl
UNXL,UNXL,Unclassified
UONE,UONE,Telcm
UONEK,UONEK,Telcm
UPL,UPL,Unclassified
UPLD,UPLD,Unclassified
UPS,UPS,Trans
UQM,UQM,Chips
URBN,URBN,Rtail
URI,URI,BusSv
URRE,URRE,Whlsl
USAK,USAK,Trans
USAP,USAP,Steel
USAT,USAT,BusSv
USAU,USAU,Comps
USB,USB,Banks
USCR,USCR,Unclassified
USEG,USEG,Mines
USFD,USFD,Whlsl
USG,USG,BldMt
USLM,USLM,BldMt
USM,USM,Telcm
USNA,USNA,Drugs
USPH,USPH,Hlth
UTEK,UTEK,Mach
UTHR,UTHR,Drugs
UTI,UTI,PerSv
UTL,UTL,Util
UTMD,UTMD,MedEq
UTX,UTX,Aero
UUU,UUU,Chips
UVE,UVE,Insur
UVSP,UVSP,Banks
UVV,UVV,Whlsl
UWN,UWN,Fun
V,V,BusSv
VAC,VAC,Meals
VAL,VAL,Chems
VALU,VALU,Books
VAR,VAR,MedEq
VASC,VASC,MedEq
VBFC,VBFC,Banks
VBTX,VBTX,Unclassified
VC,VC,Autos
VCEL,VCEL,Drugs
VCRA,VCRA,Chips
VCYT,VCYT,Unclassified
VDSI,VDSI,Comps
VEAC,VEAC,Unclassified
VEC,VEC,BusSv
VECO,VECO,Mach
VEEV,VEEV,BusSv
VERI,VERI,Unclassified
VERU,VERU,Rubbr
VFC,VFC,Clths
VG,VG,Telcm
VGR,VGR,Smoke
VHC,VHC,Fin
VHI,VHI,Chems
VIA,VIA,Telcm
VIAB,VIAB,Telcm
VIAV,VIAV,Chips
VICL,VICL,Drugs
VICR,VICR,Whlsl
VII,VII,Chips
VIRC,VIRC,Unclassified
VIRT,VIRT,Unclassified
VISI,VISI,BusSv
VIVE,VIVE,Unclassified
VIVO,VIVO,Drugs
VKTX,VKTX,Unclassified
VLGEA,VLGEA,Rtail
VLO,VLO,Oil
VLRX,VLRX,Unclassified
VLY,VLY,Banks
VMC,VMC,Mines
VMI,VMI,BldMt
VMW,VMW,BusSv
VNCE,VNCE,Fin
VNDA,VNDA,Drugs
VNRX,VNRX,Hlth
VNTV,VNTV,Fin
VOXX,VOXX,Whlsl
VOYA,VOYA,Insur
VPG,VPG,Chips
VRA,VRA,Unclassified
VRAY,VRAY,Unclassified
VREX,VREX,Unclassified
VRML,VRML,BusSv
VRNS,VRNS,ElcEq
VRNT,VRNT,Comps
VRS,VRS,Paper
VRSK,VRSK,Unclassified
VRSN,VRSN,BusSv
VRTB,VRTB,Banks
VRTS,VRTS,Unclassified
VRTU,VRTU,BusSv
VRTV,VRTV,Whlsl
VRTX,VRTX,Drugs
VSAR,VSAR,Unclassified
VSAT,VSAT,ElcEq
VSEC,VSEC,BusSv
VSH,VSH,Chips
VSI,VSI,Rtail
VSLR,VSLR,BldMt
VSM,VSM,Chems
VSR,VSR,BusSv
VST,VST,Telcm
VSTM,VSTM,Unclassified
VSTO,VSTO,Guns
VTGN,VTGN,Unclassified
VTL,VTL,Unclassified
VTNR,VTNR,Chips
VTVT,VTVT,Unclassified
VUZI,VUZI,LabEq
VVC,VVC,Util
VVI,VVI,BusSv
VVUS,VVUS,Drugs
VVV,VVV,Oil
VWR,VWR,Unclassified
VYGR,VYGR,Unclassified
VZ,VZ,Telcm
W,W,Meals
WAB,WAB,Ships
WABC,WABC,Banks
WAC,WAC,Fin
WAFD,WAFD,Banks
WAGE,WAGE,Unclassified
WAIR,WAIR,Aero
WAL,WAL,Banks
WASH,WASH,Banks
WAT,WAT,LabEq
WATT,WATT,Unclassified
WAYN,WAYN,Banks
WBA,WBA,Rtail
WBB,WBB,Unclassified
WBC,WBC,Autos
WBKC,WBKC,Unclassified
WBMD,WBMD,BusSv
WBS,WBS,Banks
WBT,WBT,Mach
WCC,WCC,Whlsl
WCFB,WCFB,Unclassified
WCG,WCG,Insur
WCIC,WCIC,Cnstr
WCST,WCST,Rtail
WD,WD,Banks
WDAY,WDAY,BusSv
WDC,WDC,Comps
WDFC,WDFC,Oil
WDR,WDR,Fin
WEB,WEB,BusSv
WEBK,WEBK,Unclassified
WEC,WEC,Util
WEN,WEN,Meals
WERN,WERN,Trans
WETF,WETF,Books
WEX,WEX,BusSv
WEYS,WEYS,Clths
WFBI,WFBI,Banks
WFC,WFC,Banks
WFM,WFM,Rtail
WG,WG,Oil
WGBS,WGBS,Meals
WGL,WGL,Util
WGO,WGO,Autos
WHG,WHG,Fin
WHLM,WHLM,BusSv
WHR,WHR,Hshld
WIFI,WIFI,Unclassified
WIN,WIN,Telcm
WINA,WINA,Rtail
WING,WING,Unclassified
WINT,WINT,Drugs
WIRE,WIRE,Steel
WK,WK,BusSv
WKHS,WKHS,Unclassified
WLB,WLB,Coal
WLDN,WLDN,BusSv
WLFC,WLFC,Whlsl
WLH,WLH,Cnstr
WLK,WLK,Chems
WLL,WLL,Oil
WM,WM,Other
WMAR,WMAR,Rtail
WMB,WMB,Util
WMIH,WMIH,Banks
WMK,WMK,Rtail
WMS,WMS,Rubbr
WMT,WMT,Rtail
WNC,WNC,Autos
WNEB,WNEB,Banks
WNR,WNR,Oil
WOOF,WOOF,Agric
WOR,WOR,Mines
WOW,WOW,Telcm
WPCS,WPCS,Telcm
WPX,WPX,Oil
WR,WR,Util
WRB,WRB,Insur
WRD,WRD,Oil
WRK,WRK,Whlsl
WRLD,WRLD,Banks
WRLS,WRLS,BusSv
WSBC,WSBC,Banks
WSBF,WSBF,Banks
WSC,WSC,Unclassified
WSCI,WSCI,Mach
WSFS,WSFS,Banks
WSM,WSM,Rtail
WSO,WSO,Whlsl
WST,WST,MedEq
WSTC,WSTC,BusSv
WSTG,WSTG,Rtail
WSTL,WSTL,Chips
WTBA,WTBA,Banks
WTFC,WTFC,Banks
WTI,WTI,Oil
WTR,WTR,Util
WTS,WTS,BldMt
WTT,WTT,LabEq
WTTR,WTTR,BusSv
WTW,WTW,PerSv
WU,WU,Banks
WVFC,WVFC,Banks
WVVI,WVVI,Beer
WWAV,WWAV,Food
WWD,WWD,Aero
WWE,WWE,Fun
WWR,WWR,Whlsl
WWW,WWW,Clths
WYIG,WYIG,Unclassified
WYN,WYN,Meals
WYNN,WYNN,Fun
WYY,WYY,Comps
X,X,Steel
XBIO,XBIO,Unclassified
XBIT,XBIT,Unclassified
XBKS,XBKS,Banks
XCO,XCO,Oil
XCRA,XCRA,LabEq
XEC,XEC,Oil
XEL,XEL,Util
XELA,XELA,Unclassified
XELB,XELB,Unclassified
XENT,XENT,Unclassified
XGTI,XGTI,Unclassified
XLNX,XLNX,Chips
XLRN,XLRN,Unclassified
XNCR,XNCR,Unclassified
XOG,XOG,Unclassified
XOM,XOM,Oil
XOMA,XOMA,Drugs
XON,XON,BusSv
XONE,XONE,Unclassified
XOXO,XOXO,PerSv
XPER,XPER,Chips
XPL,XPL,Gold
XPLR,XPLR,Unclassified
XPO,XPO,Trans
XRAY,XRAY,MedEq
XRM,XRM,Txtls
XRX,XRX,Hshld
XTLY,XTLY,BusSv
XTNT,XTNT,Drugs
XXIA,XXIA,LabEq
XXII,XXII,BusSv
XYL,XYL,Mach
Y,Y,Insur
YDKN,YDKN,Banks
YELP,YELP,BusSv
YERR,YERR,Unclassified
YEXT,YEXT,BusSv
YGYI,YGYI,Unclassified
YHOO,YHOO,BusSv
YOGA,YOGA,Unclassified
YORW,YORW,Util
YRCW,YRCW,Trans
YTEN,YTEN,BusSv
YUM,YUM,Meals
YUMA,YUMA,Oil
YUMC,YUMC,Fin
YUME,YUME,BusSv
Z,Z,Unclassified
ZAGG,ZAGG,Rtail
ZAIS,ZAIS,Unclassified
ZAYO,ZAYO,Telcm
ZBH,ZBH,MedEq
ZBRA,ZBRA,Comps
ZDGE,ZDGE,BusSv
ZEN,ZEN,BusSv
ZEUS,ZEUS,Whlsl
ZFGN,ZFGN,Unclassified
ZG,ZG,Unclassified
ZGNX,ZGNX,Unclassified
ZION,ZION,Banks
ZIOP,ZIOP,Hlth
ZIXI,ZIXI,Chips
ZLTQ,ZLTQ,Unclassified
ZN,ZN,Oil
ZNGA,ZNGA,Unclassified
ZOES,ZOES,Meals
ZOM,ZOM,Drugs
ZSAN,ZSAN,Drugs
ZTS,ZTS,Drugs
ZUMZ,ZUMZ,Rtail
ZYNE,ZYNE,Unclassified
