ID,Label,Industry
AFAM,AFAM,PerSv
APEI,APEI,PerSv
APOL,APOL,PerSv
ATGE,ATGE,PerSv
BFAM,BFAM,PerSv
BPI,BPI,PerSv
CECO,CECO,PerSv
CHGG,CHGG,PerSv
CPLA,CPLA,PerSv
CRCM,CRCM,PerSv
CSV,CSV,PerSv
DV,DV,PerSv
GK,GK,PerSv
GPX,GPX,PerSv
HSTM,HSTM,PerSv
HTZ,HTZ,PerSv
LINC,LINC,PerSv
LRN,LRN,PerSv
MNRO,MNRO,PerSv
NTRI,NTRI,PerSv
PPSI,PPSI,PerSv
PRSC,PRSC,PerSv
R,R,PerSv
RGS,RGS,PerSv
SCI,SCI,PerSv
SP,SP,PerSv
STRA,STRA,PerSv
TISI,TISI,PerSv
UTI,UTI,PerSv
WTW,WTW,PerSv
XOXO,XOXO,PerSv
