ID,Label,Industry
AEPI,AEPI,Rubbr
ATR,ATR,Rubbr
AVY,AVY,Rubbr
BERY,BERY,Rubbr
CMT,CMT,Rubbr
CSL,CSL,Rubbr
CTIB,CTIB,Rubbr
ENTG,ENTG,Rubbr
FHCO,FHCO,Rubbr
MYE,MYE,Rubbr
NPO,NPO,Rubbr
NWL,NWL,Rubbr
PRLB,PRLB,Rubbr
SEE,SEE,Rubbr
TG,TG,Rubbr
TUP,TUP,Rubbr
UFAB,UFAB,Rubbr
UFPT,UFPT,Rubbr
VERU,VERU,Rubbr
WMS,WMS,Rubbr
