ID,Label,Industry
AGS,AGS,Toys
ARLO,ARLO,Toys
DLB,DLB,Toys
ELY,ELY,Toys
ESCA,ESCA,Toys
FSI,FSI,Toys
GNSS,GNSS,Toys
GOLF,GOLF,Toys
HAS,HAS,Toys
JAKK,JAKK,Toys
JOUT,JOUT,Toys
KBAL,KBAL,Toys
KOSS,KOSS,Toys
MAT,MAT,Toys
MJCO,MJCO,Toys
MPX,MPX,Toys
MSN,MSN,Toys
SLGG,SLGG,Toys
UEIC,UEIC,Toys
YETI,YETI,Toys
