ID,Label,Industry
ADSW,ADSW,Other
ATIS,ATIS,Other
AWX,AWX,Other
CHRA,CHRA,Other
CLH,CLH,Other
CVA,CVA,Other
CWST,CWST,Other
DAR,DAR,Other
ECOL,ECOL,Other
HCCI,HCCI,Other
PESI,PESI,Other
RSG,RSG,Other
SRCL,SRCL,Other
WM,WM,Other
